0;3382
1;1867
2;3480
3;1200
4;3734
5;918
6;2602
7;5197
8;4026
9;4027
10;4024
11;4025
12;4022
13;4023
14;4020
15;4021
16;1615
17;92
18;643
19;4028
20;4029
21;2030
22;5982
23;4642
24;5980
25;5981
26;5993
27;3721
28;344
29;345
30;346
31;347
32;340
33;341
34;3999
35;3998
36;3997
37;3993
38;3992
39;3991
40;3990
41;964
42;4844
43;3530
44;965
45;4684
46;4933
47;960
48;512
49;4683
50;4732
51;4845
52;4730
53;4731
54;4736
55;4737
56;2318
57;2319
58;2316
59;2317
60;2314
61;2315
62;2312
63;2313
64;2310
65;2311
66;5855
67;5857
68;298
69;299
70;296
71;297
72;294
73;295
74;5858
75;5859
76;290
77;291
78;3773
79;3772
80;3771
81;3680
82;5749
83;3775
84;961
85;2147
86;4834
87;4655
88;271
89;4657
90;4656
91;4651
92;4650
93;276
94;277
95;278
96;279
97;4836
98;4659
99;4658
100;583
101;4930
102;962
103;2146
104;58
105;581
106;4
107;2268
108;2269
109;4409
110;2974
111;2262
112;2263
113;2260
114;2261
115;2266
116;2267
117;2264
118;2265
119;2442
120;2443
121;2440
122;1130
123;2446
124;2447
125;2444
126;2445
127;2448
128;2449
129;2189
130;3125
131;1136
132;6055
133;420
134;109
135;1370
136;6054
137;102
138;5825
139;100
140;101
141;106
142;6057
143;104
144;5824
145;2046
146;2047
147;2044
148;2045
149;2042
150;2043
151;2040
152;2041
153;6051
154;2188
155;4818
156;3691
157;2048
158;6050
159;4832
160;5829
161;6053
162;5828
163;4645
164;4410
165;1156
166;2839
167;1086
168;2838
169;1213
170;4843
171;3159
172;3519
173;2834
174;3513
175;3512
176;3511
177;3510
178;3517
179;3516
180;3515
181;2688
182;2689
183;2685
184;2686
185;2687
186;2680
187;2681
188;2682
189;1436
190;4607
191;122
192;342
193;1613
194;1437
195;2631
196;1211
197;343
198;1434
199;2630
200;99
201;98
202;2812
203;5404
204;4937
205;91
206;1432
207;93
208;2701
209;95
210;94
211;97
212;5402
213;1991
214;1990
215;3205
216;1992
217;1995
218;1430
219;3201
220;1996
221;1999
222;1998
223;1629
224;1431
225;349
226;1686
227;4526
228;2860
229;2861
230;2862
231;2863
232;2864
233;2865
234;2866
235;2867
236;2868
237;2869
238;557
239;556
240;551
241;550
242;553
243;552
244;3539
245;1438
246;3538
247;4525
248;1199
249;1198
250;3348
251;3349
252;3342
253;3343
254;1193
255;1192
256;3346
257;5455
258;3344
259;3345
260;1759
261;1758
262;1757
263;1756
264;1755
265;1754
266;1753
267;1752
268;1751
269;1750
270;4259
271;4258
272;1175
273;1174
274;1173
275;1172
276;1171
277;1170
278;4251
279;4250
280;4252
281;4257
282;4256
283;511
284;510
285;603
286;5539
287;513
288;644
289;1811
290;1285
291;1284
292;1287
293;1286
294;1281
295;1280
296;1283
297;1282
298;2819
299;515
300;1289
301;1288
302;514
303;3430
304;1579
305;1578
306;689
307;688
308;877
309;1573
310;684
311;687
312;1570
313;681
314;3432
315;1575
316;1574
317;662
318;4260
319;875
320;819
321;2818
322;1226
323;872
324;1240
325;621
326;3435
327;2966
328;2659
329;620
330;748
331;627
332;218
333;3437
334;626
335;5017
336;2037
337;4389
338;4388
339;625
340;5629
341;2036
342;4383
343;4382
344;4381
345;4380
346;5623
347;5622
348;5621
349;5620
350;407
351;450
352;1373
353;1372
354;1375
355;1374
356;1377
357;451
358;1379
359;4848
360;629
361;409
362;4849
363;1343
364;2031
365;1242
366;1344
367;4973
368;455
369;4031
370;4030
371;4033
372;4032
373;4035
374;4034
375;4037
376;4036
377;4039
378;4038
379;1347
380;5999
381;5998
382;1018
383;1245
384;4735
385;379
386;1084
387;1611
388;647
389;371
390;370
391;373
392;2038
393;375
394;4738
395;377
396;2333
397;4739
398;403
399;4348
400;393
401;392
402;391
403;390
404;397
405;396
406;395
407;394
408;6007
409;399
410;398
411;2309
412;2308
413;2195
414;4728
415;2301
416;2300
417;2303
418;2302
419;2305
420;4720
421;2307
422;2306
423;5845
424;5844
425;5843
426;5842
427;5841
428;5840
429;1073
430;1246
431;4919
432;963
433;3748
434;3749
435;3746
436;3747
437;3744
438;3745
439;3742
440;3743
441;3740
442;3741
443;4620
444;4621
445;4622
446;4623
447;241
448;4625
449;4626
450;4627
451;4628
452;249
453;248
454;2197
455;2274
456;2277
457;2276
458;2271
459;2270
460;2273
461;5200
462;292
463;2279
464;2278
465;293
466;1194
467;2337
468;1248
469;264
470;2459
471;2458
472;2455
473;2454
474;2457
475;2456
476;2451
477;2450
478;2453
479;2452
480;3770
481;179
482;178
483;177
484;176
485;175
486;174
487;173
488;172
489;171
490;170
491;2051
492;2050
493;2053
494;2052
495;4538
496;4539
497;2057
498;2056
499;4534
500;4535
501;4536
502;4537
503;4530
504;4531
505;4532
506;4533
507;1501
508;3596
509;1506
510;2968
511;653
512;1110
513;1504
514;651
515;5739
516;3526
517;3527
518;5149
519;1010
520;3522
521;3523
522;3520
523;3521
524;4916
525;2275
526;3528
527;3529
528;1364
529;919
530;5496
531;4654
532;314
533;5738
534;272
535;225
536;2150
537;3594
538;1977
539;273
540;658
541;2699
542;1976
543;2697
544;2696
545;103
546;2694
547;2693
548;3227
549;2690
550;3226
551;4653
552;3221
553;4652
554;2151
555;3220
556;6008
557;2704
558;5837
559;3223
560;3673
561;3222
562;1362
563;3232
564;3233
565;3230
566;3231
567;3236
568;3237
569;3234
570;3235
571;1964
572;1965
573;3238
574;3239
575;1960
576;1961
577;1962
578;1963
579;3674
580;206
581;1749
582;1114
583;1363
584;5077
585;2091
586;2873
587;2872
588;2871
589;2870
590;2877
591;2876
592;2875
593;2874
594;2153
595;2879
596;2878
597;3355
598;3357
599;3356
600;1595
601;3359
602;3358
603;3707
604;65
605;5443
606;5442
607;5441
608;5440
609;4917
610;1768
611;1769
612;1361
613;1762
614;1763
615;1760
616;1761
617;1766
618;1767
619;1764
620;1765
621;1142
622;1788
623;1140
624;1141
625;1146
626;4988
627;1144
628;1145
629;1148
630;1149
631;2967
632;5000
633;3828
634;5506
635;5504
636;5505
637;5503
638;5500
639;692
640;693
641;690
642;691
643;696
644;697
645;1540
646;1541
647;1844
648;698
649;699
650;1548
651;1549
652;542
653;1780
654;540
655;541
656;546
657;547
658;544
659;1781
660;548
661;549
662;760
663;761
664;400
665;766
666;646
667;2064
668;767
669;764
670;1627
671;1787
672;3682
673;3880
674;5618
675;5619
676;17
677;3048
678;5612
679;5613
680;5611
681;5616
682;5617
683;5614
684;5615
685;414
686;19
687;416
688;417
689;1388
690;1389
691;412
692;413
693;1384
694;1385
695;1386
696;1387
697;1380
698;1381
699;1382
700;1383
701;3827
702;3580
703;3825
704;3824
705;3823
706;3822
707;3821
708;3581
709;1507
710;498
711;2769
712;59
713;2441
714;3584
715;2438
716;4283
717;4280
718;4281
719;4286
720;4287
721;4284
722;4289
723;2099
724;502
725;2763
726;1176
727;368
728;369
729;366
730;367
731;364
732;365
733;362
734;363
735;360
736;361
737;5274
738;1368
739;2098
740;1777
741;380
742;381
743;382
744;383
745;384
746;385
747;386
748;387
749;388
750;5270
751;5271
752;1743
753;5272
754;1772
755;108
756;5872
757;5873
758;5870
759;5871
760;5876
761;5874
762;5875
763;2792
764;3759
765;3758
766;5462
767;4664
768;622
769;3751
770;1072
771;3753
772;3752
773;3755
774;3754
775;3757
776;3756
777;2190
778;2191
779;2192
780;2193
781;2194
782;4636
783;2196
784;4634
785;2198
786;2199
787;250
788;1071
789;256
790;257
791;254
792;255
793;2200
794;2201
795;2202
796;2203
797;2204
798;2205
799;2206
800;2207
801;3257
802;2209
803;1301
804;1251
805;107
806;4868
807;96
808;5725
809;3210
810;680
811;4676
812;105
813;2428
814;2429
815;3683
816;2420
817;2421
818;2422
819;2423
820;900
821;2427
822;2432
823;901
824;168
825;169
826;4729
827;164
828;165
829;166
830;167
831;160
832;161
833;162
834;163
835;4839
836;4838
837;3689
838;3688
839;4529
840;4528
841;4527
842;4830
843;3681
844;4867
845;4523
846;3686
847;4521
848;4520
849;1843
850;2676
851;2518
852;2519
853;1842
854;2514
855;2515
856;2516
857;2517
858;2510
859;2511
860;2512
861;2513
862;4421
863;4426
864;5569
865;3460
866;3531
867;4722
868;3532
869;3535
870;1845
871;3537
872;3536
873;5054
874;1090
875;2049
876;5050
877;5051
878;5052
879;1091
880;1814
881;1815
882;1816
883;1817
884;1810
885;4338
886;1812
887;1813
888;2437
889;4339
890;1818
891;1819
892;1107
893;674
894;300
895;1505
896;675
897;4662
898;676
899;921
900;677
901;1098
902;1087
903;1234
904;671
905;2165
906;4953
907;500
908;3774
909;2167
910;3587
911;1609
912;1608
913;4987
914;2166
915;3229
916;3228
917;1979
918;1978
919;1601
920;1600
921;1975
922;1974
923;1973
924;1972
925;1971
926;1970
927;1555
928;809
929;808
930;2163
931;188
932;803
933;802
934;801
935;800
936;807
937;806
938;805
939;804
940;2848
941;2849
942;2846
943;2847
944;2844
945;2845
946;2842
947;2843
948;2840
949;2841
950;3321
951;3322
952;3323
953;3324
954;3325
955;3326
956;5471
957;3329
958;1457
959;5478
960;1775
961;1774
962;5276
963;5277
964;1771
965;1770
966;1773
967;5273
968;4855
969;1779
970;1778
971;3972
972;608
973;326
974;3957
975;3974
976;5142
977;1551
978;1159
979;1158
980;1550
981;301
982;1154
983;1157
984;325
985;1151
986;1150
987;1153
988;1152
989;4182
990;5518
991;378
992;5510
993;5513
994;5512
995;5515
996;5514
997;5517
998;5516
999;2998
1000;2999
1001;1553
1002;1552
1003;3038
1004;3039
1005;1557
1006;1556
1007;3034
1008;3035
1009;3036
1010;3037
1011;3030
1012;3031
1013;2996
1014;2997
1015;537
1016;536
1017;535
1018;534
1019;533
1020;532
1021;531
1022;1558
1023;3735
1024;2992
1025;539
1026;6009
1027;56
1028;5139
1029;303
1030;51
1031;5138
1032;50
1033;2805
1034;1906
1035;5607
1036;5601
1037;3032
1038;5602
1039;3033
1040;5609
1041;5608
1042;1233
1043;1605
1044;1905
1045;2772
1046;3461
1047;1902
1048;1621
1049;1421
1050;429
1051;428
1052;3280
1053;1398
1054;1397
1055;1396
1056;1395
1057;1394
1058;1393
1059;1392
1060;1391
1061;1390
1062;3812
1063;3813
1064;3810
1065;3811
1066;3816
1067;3817
1068;3814
1069;855
1070;3818
1071;3819
1072;1420
1073;3451
1074;850
1075;302
1076;3457
1077;1680
1078;852
1079;55
1080;853
1081;1841
1082;538
1083;5748
1084;1321
1085;1840
1086;3340
1087;695
1088;4743
1089;4742
1090;4740
1091;5869
1092;5868
1093;5865
1094;5864
1095;5867
1096;5866
1097;5861
1098;5860
1099;5863
1100;5862
1101;4714
1102;2331
1103;6
1104;2332
1105;2971
1106;2977
1107;2183
1108;2182
1109;2181
1110;2180
1111;2187
1112;2186
1113;2185
1114;2184
1115;227
1116;226
1117;4604
1118;4605
1119;4602
1120;4603
1121;4600
1122;4601
1123;2213
1124;2212
1125;2211
1126;2210
1127;2217
1128;2216
1129;2215
1130;2214
1131;2219
1132;2218
1133;2976
1134;4359
1135;5431
1136;54
1137;5600
1138;150
1139;153
1140;152
1141;155
1142;154
1143;157
1144;159
1145;158
1146;1293
1147;2430
1148;1088
1149;2436
1150;2435
1151;2434
1152;5766
1153;4922
1154;5767
1155;5726
1156;4200
1157;2293
1158;4901
1159;5937
1160;4518
1161;5765
1162;4512
1163;5762
1164;4510
1165;4511
1166;4516
1167;4517
1168;4514
1169;5763
1170;5760
1171;2509
1172;2508
1173;2507
1174;2506
1175;2505
1176;2504
1177;2503
1178;2502
1179;2501
1180;2500
1181;124
1182;5470
1183;5049
1184;5048
1185;5047
1186;5568
1187;5045
1188;5044
1189;5043
1190;125
1191;5040
1192;1807
1193;1806
1194;1805
1195;1804
1196;1803
1197;1802
1198;1801
1199;1800
1200;1809
1201;1808
1202;4996
1203;4997
1204;4994
1205;4992
1206;4993
1207;4990
1208;4991
1209;4491
1210;126
1211;4998
1212;4999
1213;5567
1214;1547
1215;5436
1216;911
1217;90
1218;632
1219;149
1220;3258
1221;3259
1222;1948
1223;1949
1224;4726
1225;1525
1226;3250
1227;3251
1228;1940
1229;3253
1230;1946
1231;1947
1232;3256
1233;1945
1234;818
1235;0
1236;1255
1237;810
1238;1252
1239;812
1240;813
1241;814
1242;815
1243;816
1244;817
1245;2859
1246;2858
1247;1250
1248;5183
1249;2851
1250;2850
1251;2853
1252;2852
1253;1993
1254;2857
1255;1490
1256;5460
1257;1492
1258;3330
1259;5465
1260;5464
1261;1496
1262;5466
1263;5469
1264;5468
1265;3339
1266;1968
1267;224
1268;423
1269;4189
1270;1994
1271;5267
1272;5266
1273;5265
1274;5264
1275;1704
1276;1705
1277;1706
1278;1707
1279;1708
1280;1709
1281;1624
1282;5269
1283;5268
1284;5152
1285;2096
1286;427
1287;4574
1288;426
1289;1543
1290;2090
1291;1128
1292;1129
1293;1628
1294;2093
1295;1120
1296;1121
1297;1122
1298;1123
1299;1124
1300;1125
1301;1126
1302;1127
1303;4826
1304;3655
1305;313
1306;694
1307;444
1308;2989
1309;2988
1310;497
1311;3029
1312;3028
1313;2983
1314;3026
1315;3025
1316;2980
1317;2987
1318;2986
1319;2985
1320;2984
1321;524
1322;525
1323;526
1324;527
1325;520
1326;521
1327;522
1328;523
1329;1014
1330;1015
1331;1016
1332;1017
1333;528
1334;529
1335;1012
1336;1013
1337;1443
1338;6006
1339;1236
1340;1237
1341;1230
1342;1231
1343;4198
1344;4199
1345;4196
1346;4197
1347;4194
1348;4195
1349;4192
1350;1239
1351;4190
1352;3956
1353;4358
1354;3955
1355;311
1356;4376
1357;2705
1358;4355
1359;4356
1360;307
1361;4350
1362;4351
1363;4352
1364;4353
1365;2488
1366;6001
1367;2486
1368;1341
1369;438
1370;439
1371;436
1372;437
1373;434
1374;435
1375;432
1376;2484
1377;430
1378;431
1379;740
1380;132
1381;3809
1382;3808
1383;3805
1384;3804
1385;3807
1386;3806
1387;3801
1388;3800
1389;3803
1390;2483
1391;1630
1392;4907
1393;473
1394;559
1395;4906
1396;558
1397;2285
1398;1602
1399;5708
1400;5709
1401;5704
1402;5705
1403;5706
1404;5707
1405;5700
1406;5701
1407;5702
1408;5703
1409;555
1410;3315
1411;554
1412;6068
1413;1162
1414;49
1415;1851
1416;4776
1417;4777
1418;4774
1419;4775
1420;4772
1421;4773
1422;4771
1423;856
1424;4778
1425;4779
1426;4174
1427;4176
1428;4177
1429;4170
1430;4171
1431;4172
1432;4173
1433;4178
1434;4179
1435;2700
1436;5818
1437;5819
1438;4904
1439;5811
1440;5812
1441;5814
1442;5815
1443;5816
1444;5817
1445;2464
1446;2949
1447;2465
1448;4918
1449;2948
1450;2466
1451;1852
1452;4619
1453;4618
1454;2467
1455;238
1456;239
1457;234
1458;4610
1459;236
1460;237
1461;230
1462;3069
1463;232
1464;4616
1465;5217
1466;3068
1467;5148
1468;2228
1469;2229
1470;2226
1471;2227
1472;2224
1473;2225
1474;2222
1475;2223
1476;2220
1477;2221
1478;1
1479;5925
1480;5926
1481;5927
1482;5920
1483;5921
1484;5922
1485;5923
1486;1085
1487;4837
1488;5928
1489;2707
1490;1099
1491;146
1492;147
1493;144
1494;145
1495;142
1496;143
1497;141
1498;2468
1499;5435
1500;2469
1501;4505
1502;4504
1503;4507
1504;4506
1505;4501
1506;4500
1507;4503
1508;4502
1509;2702
1510;4509
1511;4508
1512;120
1513;2088
1514;2089
1515;121
1516;2082
1517;2083
1518;2080
1519;2081
1520;2086
1521;2087
1522;2084
1523;2085
1524;1537
1525;1191
1526;2538
1527;2539
1528;1190
1529;2532
1530;3224
1531;2531
1532;2536
1533;2537
1534;2534
1535;2535
1536;2712
1537;2713
1538;2710
1539;2711
1540;2716
1541;2717
1542;2714
1543;2715
1544;1195
1545;2718
1546;127
1547;1850
1548;3347
1549;128
1550;5078
1551;1197
1552;129
1553;5072
1554;5070
1555;1196
1556;2671
1557;5075
1558;1832
1559;1833
1560;1830
1561;1831
1562;3799
1563;3798
1564;1834
1565;1835
1566;3795
1567;3794
1568;1838
1569;3796
1570;4981
1571;2155
1572;2156
1573;2157
1574;4985
1575;4984
1576;2152
1577;4986
1578;933
1579;932
1580;931
1581;930
1582;937
1583;936
1584;935
1585;934
1586;5381
1587;5382
1588;471
1589;5384
1590;5385
1591;5386
1592;5387
1593;5388
1594;1691
1595;136
1596;1587
1597;1955
1598;1954
1599;1957
1600;1956
1601;1951
1602;1950
1603;1953
1604;1952
1605;1829
1606;1959
1607;1958
1608;4870
1609;5545
1610;3249
1611;3248
1612;916
1613;3243
1614;3242
1615;3241
1616;3240
1617;3247
1618;3246
1619;3245
1620;3244
1621;1825
1622;228
1623;829
1624;828
1625;4405
1626;825
1627;824
1628;827
1629;826
1630;821
1631;820
1632;823
1633;822
1634;1177
1635;1826
1636;1536
1637;4311
1638;4400
1639;4401
1640;1483
1641;1482
1642;1481
1643;1480
1644;1487
1645;5499
1646;1485
1647;1484
1648;3306
1649;1489
1650;4403
1651;3302
1652;3303
1653;5492
1654;3301
1655;5252
1656;2411
1657;1711
1658;1710
1659;793
1660;792
1661;1715
1662;2410
1663;5628
1664;1719
1665;5259
1666;4394
1667;799
1668;798
1669;1270
1670;2412
1671;1271
1672;4978
1673;1272
1674;4979
1675;1139
1676;1273
1677;2417
1678;4386
1679;1133
1680;1132
1681;1131
1682;4395
1683;1137
1684;4060
1685;1135
1686;1134
1687;4974
1688;4061
1689;1179
1690;2061
1691;714
1692;1178
1693;2062
1694;4067
1695;3018
1696;3019
1697;5940
1698;3012
1699;3013
1700;3010
1701;3011
1702;3016
1703;3017
1704;3014
1705;3015
1706;519
1707;518
1708;1620
1709;4972
1710;1009
1711;1008
1712;1007
1713;1006
1714;1005
1715;1004
1716;1003
1717;1002
1718;1001
1719;1000
1720;1227
1721;4188
1722;1225
1723;1224
1724;1223
1725;1222
1726;1221
1727;1220
1728;4181
1729;4180
1730;4183
1731;628
1732;4185
1733;4184
1734;1229
1735;1228
1736;5663
1737;5660
1738;4349
1739;5664
1740;4347
1741;4346
1742;4345
1743;4344
1744;4343
1745;4342
1746;4341
1747;4340
1748;2882
1749;2883
1750;2880
1751;2881
1752;2886
1753;2887
1754;2884
1755;2885
1756;2888
1757;2889
1758;253
1759;2
1760;4716
1761;3878
1762;3879
1763;1561
1764;3870
1765;3871
1766;3872
1767;3873
1768;3874
1769;3875
1770;3876
1771;1714
1772;11
1773;10
1774;13
1775;12
1776;15
1777;14
1778;5719
1779;16
1780;5717
1781;5716
1782;5715
1783;5714
1784;5713
1785;5712
1786;5711
1787;5710
1788;1598
1789;3275
1790;1924
1791;1632
1792;3904
1793;3905
1794;3906
1795;3907
1796;3305
1797;3901
1798;3902
1799;3903
1800;1927
1801;3908
1802;3909
1803;3600
1804;4769
1805;4768
1806;923
1807;4167
1808;4166
1809;4165
1810;4164
1811;4163
1812;4162
1813;4161
1814;4160
1815;599
1816;2616
1817;4169
1818;4168
1819;1534
1820;1471
1821;5803
1822;3192
1823;5807
1824;5805
1825;5804
1826;201
1827;200
1828;203
1829;202
1830;205
1831;204
1832;833
1833;209
1834;830
1835;685
1836;1907
1837;1572
1838;3470
1839;1571
1840;3471
1841;2239
1842;2238
1843;686
1844;834
1845;2231
1846;2230
1847;2233
1848;2232
1849;2235
1850;2234
1851;2237
1852;2236
1853;270
1854;5936
1855;5935
1856;5934
1857;5933
1858;683
1859;5931
1860;5930
1861;682
1862;5939
1863;5938
1864;229
1865;3498
1866;3499
1867;3497
1868;3494
1869;3495
1870;1614
1871;2095
1872;2094
1873;2097
1874;4573
1875;3658
1876;3659
1877;4576
1878;2092
1879;3654
1880;4579
1881;3656
1882;3657
1883;3650
1884;3651
1885;3652
1886;3653
1887;2525
1888;2524
1889;2527
1890;2526
1891;2521
1892;2520
1893;2523
1894;2522
1895;223
1896;2529
1897;2528
1898;222
1899;472
1900;2665
1901;26
1902;221
1903;2791
1904;2662
1905;220
1906;598
1907;4888
1908;4889
1909;5067
1910;2749
1911;2709
1912;2708
1913;4880
1914;4881
1915;4882
1916;2706
1917;4884
1918;4885
1919;2703
1920;4887
1921;1155
1922;4193
1923;5941
1924;494
1925;4408
1926;1828
1927;5741
1928;4404
1929;1824
1930;1827
1931;4407
1932;1821
1933;1820
1934;4402
1935;1822
1936;928
1937;929
1938;2145
1939;2144
1940;2143
1941;2142
1942;2141
1943;2140
1944;2419
1945;2418
1946;4976
1947;4977
1948;924
1949;4971
1950;926
1951;927
1952;2666
1953;1920
1954;1921
1955;1922
1956;1923
1957;3272
1958;1925
1959;1926
1960;3271
1961;1928
1962;4519
1963;496
1964;3278
1965;3474
1966;3475
1967;3476
1968;3477
1969;836
1970;837
1971;3472
1972;3473
1973;5187
1974;490
1975;838
1976;839
1977;3478
1978;3479
1979;491
1980;3
1981;4222
1982;359
1983;4223
1984;5586
1985;43
1986;5587
1987;2175
1988;3319
1989;3318
1990;2594
1991;4249
1992;5487
1993;3313
1994;5484
1995;5483
1996;3314
1997;3317
1998;3316
1999;784
2000;785
2001;786
2002;787
2003;5249
2004;5248
2005;1728
2006;1729
2007;1726
2008;1727
2009;1724
2010;1725
2011;788
2012;789
2013;5243
2014;5242
2015;5627
2016;5626
2017;5625
2018;252
2019;2415
2020;5624
2021;468
2022;4387
2023;2439
2024;29
2025;637
2026;61
2027;3007
2028;3006
2029;3001
2030;3000
2031;66
2032;3002
2033;68
2034;1446
2035;4384
2036;3009
2037;3008
2038;2414
2039;3337
2040;1371
2041;1588
2042;1589
2043;780
2044;406
2045;1582
2046;1583
2047;1580
2048;1581
2049;1586
2050;405
2051;1584
2052;1585
2053;2433
2054;1038
2055;1039
2056;508
2057;509
2058;506
2059;507
2060;1030
2061;1031
2062;1036
2063;1037
2064;1034
2065;1035
2066;1212
2067;4498
2068;1210
2069;781
2070;634
2071;635
2072;1214
2073;1215
2074;638
2075;639
2076;1218
2077;1219
2078;4378
2079;4379
2080;1243
2081;1378
2082;251
2083;1641
2084;4370
2085;2416
2086;3335
2087;4377
2088;5650
2089;5651
2090;782
2091;2664
2092;2899
2093;2898
2094;2895
2095;2894
2096;2897
2097;783
2098;2891
2099;2890
2100;2893
2101;2892
2102;1454
2103;1455
2104;1104
2105;1980
2106;1102
2107;1103
2108;1100
2109;1453
2110;3334
2111;408
2112;1458
2113;5247
2114;1108
2115;1109
2116;4080
2117;4081
2118;3869
2119;3868
2120;4088
2121;4089
2122;3861
2123;3860
2124;3867
2125;3866
2126;3865
2127;5637
2128;3737
2129;1720
2130;3736
2131;1721
2132;4459
2133;323
2134;5728
2135;4458
2136;5722
2137;5723
2138;5720
2139;5721
2140;1718
2141;5727
2142;5724
2143;3732
2144;3935
2145;4466
2146;3731
2147;4354
2148;466
2149;1893
2150;4903
2151;3917
2152;3916
2153;3915
2154;3914
2155;3913
2156;3912
2157;3911
2158;2137
2159;2134
2160;3919
2161;3918
2162;2135
2163;1636
2164;2132
2165;3932
2166;4791
2167;3693
2168;2133
2169;5836
2170;4153
2171;4150
2172;4151
2173;4156
2174;2130
2175;4154
2176;4155
2177;5997
2178;5838
2179;5839
2180;951
2181;3338
2182;5996
2183;950
2184;4810
2185;4929
2186;3071
2187;216
2188;217
2189;214
2190;215
2191;212
2192;213
2193;210
2194;211
2195;5992
2196;3286
2197;219
2198;920
2199;578
2200;463
2201;957
2202;6084
2203;956
2204;6080
2205;6081
2206;3285
2207;5902
2208;5903
2209;462
2210;939
2211;5906
2212;5907
2213;5904
2214;5905
2215;5908
2216;5186
2217;3489
2218;3488
2219;3481
2220;577
2221;3483
2222;3482
2223;3485
2224;3484
2225;3487
2226;3486
2227;938
2228;3649
2229;3648
2230;3074
2231;3646
2232;3645
2233;3644
2234;3643
2235;3642
2236;3641
2237;2550
2238;2551
2239;2552
2240;2553
2241;2554
2242;2555
2243;2556
2244;2557
2245;2558
2246;2559
2247;3595
2248;62
2249;2396
2250;2397
2251;2394
2252;2395
2253;2392
2254;2393
2255;2390
2256;2391
2257;64
2258;245
2259;2398
2260;2399
2261;5010
2262;2779
2263;4899
2264;5013
2265;5014
2266;5015
2267;5016
2268;5161
2269;2770
2270;2771
2271;4891
2272;2773
2273;4897
2274;2775
2275;2776
2276;2777
2277;1111
2278;4817
2279;6052
2280;1348
2281;69
2282;244
2283;312
2284;1858
2285;1859
2286;2801
2287;198
2288;4419
2289;4418
2290;4417
2291;4416
2292;4415
2293;4414
2294;1854
2295;4412
2296;1856
2297;1857
2298;2172
2299;2173
2300;2170
2301;2171
2302;6060
2303;6061
2304;4969
2305;4968
2306;4967
2307;914
2308;4965
2309;4964
2310;4963
2311;910
2312;4961
2313;3844
2314;2604
2315;2605
2316;2606
2317;2607
2318;2600
2319;2601
2320;516
2321;5433
2322;3846
2323;2608
2324;2609
2325;2603
2326;1933
2327;3260
2328;1931
2329;3262
2330;1937
2331;3264
2332;3267
2333;3266
2334;3269
2335;3268
2336;1939
2337;1938
2338;5120
2339;5121
2340;5122
2341;5437
2342;847
2343;846
2344;3465
2345;844
2346;3463
2347;5434
2348;841
2349;840
2350;4460
2351;3671
2352;1426
2353;849
2354;374
2355;664
2356;3364
2357;2406
2358;376
2359;5438
2360;5439
2361;3695
2362;663
2363;3361
2364;240
2365;2407
2366;797
2367;1739
2368;1738
2369;2663
2370;1731
2371;1730
2372;1733
2373;1732
2374;1735
2375;1734
2376;1737
2377;1736
2378;499
2379;2404
2380;5405
2381;3134
2382;4442
2383;796
2384;922
2385;753
2386;752
2387;751
2388;750
2389;757
2390;756
2391;755
2392;754
2393;759
2394;5833
2395;2586
2396;3070
2397;2405
2398;3072
2399;3073
2400;1591
2401;2959
2402;3076
2403;1592
2404;2954
2405;2955
2406;2956
2407;2957
2408;2950
2409;2951
2410;2952
2411;1025
2412;1024
2413;1027
2414;505
2415;1021
2416;1020
2417;1023
2418;1022
2419;247
2420;1115
2421;1029
2422;1028
2423;503
2424;2054
2425;501
2426;3701
2427;4365
2428;4364
2429;4367
2430;4366
2431;4361
2432;4360
2433;4363
2434;4362
2435;1205
2436;1204
2437;1207
2438;1206
2439;1201
2440;4368
2441;1203
2442;1202
2443;5649
2444;5648
2445;633
2446;5457
2447;5641
2448;1216
2449;3706
2450;2479
2451;1217
2452;3696
2453;1577
2454;3108
2455;3109
2456;3104
2457;3105
2458;3106
2459;3107
2460;3100
2461;3101
2462;3103
2463;1447
2464;465
2465;1445
2466;1444
2467;5
2468;1442
2469;1117
2470;1352
2471;1119
2472;2006
2473;4278
2474;467
2475;1449
2476;2007
2477;4093
2478;4092
2479;4091
2480;4090
2481;4097
2482;4096
2483;4095
2484;4094
2485;1357
2486;4099
2487;4098
2488;791
2489;4857
2490;5736
2491;5730
2492;489
2493;488
2494;487
2495;486
2496;485
2497;484
2498;483
2499;482
2500;481
2501;480
2502;5555
2503;4854
2504;4853
2505;4827
2506;4725
2507;3705
2508;4724
2509;4727
2510;246
2511;3922
2512;3923
2513;3920
2514;3921
2515;3926
2516;3927
2517;3924
2518;3925
2519;4721
2520;3928
2521;4824
2522;656
2523;2304
2524;4372
2525;4723
2526;4789
2527;4788
2528;4787
2529;4786
2530;4784
2531;993
2532;5654
2533;4781
2534;4780
2535;5821
2536;5820
2537;5823
2538;5822
2539;4149
2540;4148
2541;5827
2542;5826
2543;4145
2544;4144
2545;4147
2546;4146
2547;4141
2548;4140
2549;4143
2550;4142
2551;3856
2552;3857
2553;3854
2554;3855
2555;3852
2556;3853
2557;3697
2558;3851
2559;1576
2560;992
2561;4375
2562;3858
2563;3859
2564;3848
2565;6098
2566;4635
2567;3672
2568;4869
2569;1567
2570;6048
2571;619
2572;4883
2573;4647
2574;5919
2575;5918
2576;5915
2577;5914
2578;5917
2579;5916
2580;5911
2581;5913
2582;5912
2583;2288
2584;199
2585;917
2586;3664
2587;195
2588;194
2589;197
2590;196
2591;191
2592;190
2593;193
2594;192
2595;3678
2596;3679
2597;3670
2598;4556
2599;4557
2600;4554
2601;4555
2602;4552
2603;4553
2604;4550
2605;4551
2606;2543
2607;1106
2608;2541
2609;2540
2610;2547
2611;2546
2612;2545
2613;2544
2614;1318
2615;2549
2616;2548
2617;1456
2618;18
2619;2381
2620;2380
2621;2383
2622;2382
2623;2385
2624;2384
2625;2387
2626;2386
2627;2389
2628;2388
2629;1702
2630;1518
2631;5003
2632;5002
2633;5001
2634;2768
2635;5007
2636;1452
2637;3586
2638;5004
2639;3588
2640;2284
2641;5009
2642;5008
2643;2767
2644;2766
2645;2764
2646;3676
2647;5580
2648;1244
2649;902
2650;903
2651;1849
2652;1848
2653;906
2654;907
2655;904
2656;905
2657;4422
2658;4423
2659;908
2660;909
2661;1847
2662;1846
2663;4424
2664;1459
2665;6077
2666;1942
2667;6075
2668;6074
2669;2169
2670;2168
2671;6071
2672;1943
2673;4952
2674;2164
2675;4950
2676;4951
2677;2161
2678;2160
2679;6079
2680;2162
2681;5233
2682;2615
2683;1941
2684;2613
2685;2612
2686;2611
2687;2610
2688;3254
2689;4540
2690;242
2691;2619
2692;2618
2693;3298
2694;1944
2695;1908
2696;1909
2697;3294
2698;3295
2699;5135
2700;3297
2701;3290
2702;3291
2703;3292
2704;3293
2705;3452
2706;3453
2707;3450
2708;857
2709;3456
2710;851
2711;3454
2712;3455
2713;3458
2714;3459
2715;858
2716;859
2717;721
2718;3863
2719;3862
2720;4914
2721;425
2722;811
2723;3864
2724;4915
2725;424
2726;5229
2727;5223
2728;5222
2729;5221
2730;5220
2731;5224
2732;925
2733;4588
2734;616
2735;1554
2736;469
2737;741
2738;742
2739;743
2740;744
2741;745
2742;746
2743;747
2744;449
2745;749
2746;1440
2747;2912
2748;2913
2749;3067
2750;3066
2751;3065
2752;3064
2753;2947
2754;2946
2755;2945
2756;2944
2757;2943
2758;2942
2759;2941
2760;2940
2761;1050
2762;1051
2763;1052
2764;1053
2765;1054
2766;1055
2767;1056
2768;1057
2769;1058
2770;1059
2771;718
2772;1696
2773;1697
2774;1694
2775;1695
2776;1692
2777;1693
2778;1690
2779;1792
2780;614
2781;1791
2782;1698
2783;1278
2784;1279
2785;618
2786;4313
2787;4314
2788;4315
2789;4317
2790;4318
2791;4319
2792;610
2793;611
2794;1274
2795;1275
2796;1276
2797;1277
2798;5729
2799;711
2800;615
2801;4429
2802;2596
2803;710
2804;1633
2805;5461
2806;4816
2807;4374
2808;1180
2809;3119
2810;3118
2811;3116
2812;3115
2813;3114
2814;3113
2815;3112
2816;3111
2817;3110
2818;1472
2819;1473
2820;1470
2821;1493
2822;1476
2823;1477
2824;1474
2825;1475
2826;1494
2827;1478
2828;1479
2829;1495
2830;1304
2831;1305
2832;1306
2833;1181
2834;1300
2835;5467
2836;1302
2837;1303
2838;2005
2839;3733
2840;1497
2841;1308
2842;1309
2843;5740
2844;1498
2845;2804
2846;2597
2847;5744
2848;5745
2849;4819
2850;1499
2851;4224
2852;2590
2853;4226
2854;4227
2855;4220
2856;4221
2857;492
2858;493
2859;24
2860;25
2861;5584
2862;27
2863;20
2864;21
2865;22
2866;23
2867;2593
2868;28
2869;5235
2870;5588
2871;5037
2872;3599
2873;1700
2874;5035
2875;3939
2876;3938
2877;1701
2878;3971
2879;3934
2880;3937
2881;3936
2882;3931
2883;3930
2884;3933
2885;5033
2886;1241
2887;5195
2888;5263
2889;1516
2890;5262
2891;4138
2892;4139
2893;1722
2894;5261
2895;4434
2896;4131
2897;4132
2898;5260
2899;4135
2900;4136
2901;4137
2902;5690
2903;4436
2904;5696
2905;5697
2906;3847
2907;5695
2908;3849
2909;4431
2910;5698
2911;5699
2912;4612
2913;4465
2914;4430
2915;2136
2916;3704
2917;597
2918;1604
2919;1066
2920;4462
2921;4044
2922;4045
2923;4046
2924;4047
2925;4040
2926;4041
2927;4042
2928;4043
2929;4847
2930;3910
2931;4048
2932;4049
2933;4932
2934;5585
2935;447
2936;7
2937;4614
2938;5966
2939;5967
2940;3665
2941;2289
2942;3667
2943;3666
2944;3661
2945;3660
2946;3663
2947;3662
2948;2280
2949;2281
2950;2282
2951;2283
2952;3669
2953;4947
2954;2286
2955;2287
2956;4549
2957;446
2958;4541
2959;4941
2960;4542
2961;4545
2962;4544
2963;4546
2964;971
2965;2578
2966;2579
2967;2576
2968;2577
2969;2574
2970;970
2971;2572
2972;2573
2973;2570
2974;2571
2975;445
2976;2059
2977;2378
2978;2379
2979;2058
2980;2374
2981;2375
2982;2376
2983;2377
2984;2370
2985;2371
2986;2372
2987;2373
2988;3593
2989;2595
2990;3591
2991;4825
2992;3597
2993;2591
2994;2592
2995;4328
2996;5036
2997;4822
2998;5034
2999;3598
3000;2598
3001;2599
3002;5030
3003;4823
3004;1876
3005;1877
3006;1874
3007;1875
3008;1872
3009;1873
3010;1871
3011;600
3012;1083
3013;4821
3014;4439
3015;594
3016;977
3017;976
3018;975
3019;974
3020;973
3021;972
3022;4943
3023;4942
3024;5581
3025;596
3026;4949
3027;4948
3028;979
3029;978
3030;2118
3031;183
3032;666
3033;181
3034;186
3035;187
3036;184
3037;185
3038;2110
3039;2111
3040;2112
3041;189
3042;2114
3043;2115
3044;2116
3045;2117
3046;2622
3047;2623
3048;2620
3049;2621
3050;2626
3051;2627
3052;2624
3053;2625
3054;2628
3055;2629
3056;60
3057;1919
3058;1918
3059;602
3060;1089
3061;3289
3062;3288
3063;1911
3064;5103
3065;5100
3066;1912
3067;1915
3068;3282
3069;5104
3070;5105
3071;869
3072;868
3073;2113
3074;3449
3075;3448
3076;3445
3077;860
3078;3447
3079;3446
3080;3441
3081;3440
3082;867
3083;866
3084;2024
3085;2025
3086;2754
3087;2027
3088;2752
3089;2753
3090;2750
3091;2751
3092;3144
3093;2028
3094;2029
3095;2829
3096;883
3097;882
3098;881
3099;880
3100;887
3101;886
3102;885
3103;884
3104;3728
3105;889
3106;888
3107;1340
3108;5216
3109;3148
3110;5214
3111;5215
3112;5212
3113;5213
3114;5210
3115;3149
3116;5090
3117;657
3118;5218
3119;5219
3120;4385
3121;4515
3122;3677
3123;3729
3124;63
3125;2460
3126;3468
3127;418
3128;354
3129;353
3130;1500
3131;131
3132;3973
3133;775
3134;774
3135;777
3136;776
3137;771
3138;770
3139;773
3140;772
3141;4596
3142;779
3143;778
3144;419
3145;3929
3146;76
3147;2978
3148;2979
3149;73
3150;72
3151;3058
3152;3059
3153;3056
3154;3057
3155;3054
3156;3055
3157;3052
3158;3053
3159;2670
3160;3051
3161;1043
3162;1042
3163;1041
3164;1040
3165;1047
3166;1046
3167;1045
3168;1044
3169;4597
3170;1049
3171;1048
3172;3524
3173;1681
3174;3027
3175;1682
3176;1685
3177;1684
3178;1687
3179;5246
3180;1689
3181;1688
3182;358
3183;2981
3184;4928
3185;1269
3186;3024
3187;3692
3188;669
3189;668
3190;1263
3191;3023
3192;1261
3193;4308
3194;1267
3195;1266
3196;661
3197;3022
3198;3287
3199;5653
3200;3021
3201;1910
3202;5196
3203;3020
3204;1913
3205;3725
3206;67
3207;3128
3208;3284
3209;3122
3210;640
3211;3120
3212;3121
3213;3126
3214;3127
3215;3124
3216;1914
3217;421
3218;1723
3219;1469
3220;3281
3221;1465
3222;6065
3223;1467
3224;1916
3225;1461
3226;1460
3227;1463
3228;1019
3229;1317
3230;1316
3231;1315
3232;1314
3233;1313
3234;1312
3235;1311
3236;1310
3237;3276
3238;1319
3239;5096
3240;5753
3241;5752
3242;5751
3243;5750
3244;5757
3245;5756
3246;5755
3247;4238
3248;4237
3249;4236
3250;4235
3251;4234
3252;4233
3253;4232
3254;4231
3255;4230
3256;5591
3257;5593
3258;5592
3259;5595
3260;5594
3261;5597
3262;5596
3263;5599
3264;5598
3265;464
3266;1011
3267;861
3268;4609
3269;3123
3270;3444
3271;5198
3272;863
3273;4598
3274;3948
3275;3949
3276;319
3277;862
3278;3274
3279;1235
3280;3940
3281;865
3282;3942
3283;3943
3284;3944
3285;3945
3286;3946
3287;864
3288;4606
3289;448
3290;3443
3291;1433
3292;5211
3293;3442
3294;1338
3295;1232
3296;4123
3297;4122
3298;4121
3299;4120
3300;4127
3301;4126
3302;4125
3303;4124
3304;5191
3305;1335
3306;5689
3307;5688
3308;1334
3309;2020
3310;5687
3311;5686
3312;5156
3313;1337
3314;2021
3315;2323
3316;4734
3317;1336
3318;2022
3319;5189
3320;2322
3321;1238
3322;2023
3323;1634
3324;4705
3325;1330
3326;3675
3327;4704
3328;1333
3329;4703
3330;1997
3331;4702
3332;4057
3333;4056
3334;4055
3335;4054
3336;4053
3337;4052
3338;4051
3339;4050
3340;2324
3341;2908
3342;2692
3343;630
3344;5194
3345;5979
3346;5978
3347;5973
3348;5972
3349;5942
3350;5977
3351;5976
3352;5975
3353;5974
3354;3610
3355;3611
3356;2299
3357;2298
3358;2969
3359;3617
3360;3618
3361;3619
3362;2291
3363;2290
3364;2297
3365;2296
3366;2295
3367;2294
3368;404
3369;2982
3370;2787
3371;2569
3372;2568
3373;4357
3374;2561
3375;5995
3376;2563
3377;2562
3378;2565
3379;2564
3380;2567
3381;2566
3382;3845
3383;5901
3384;2369
3385;2368
3386;2367
3387;2366
3388;2365
3389;2364
3390;2363
3391;2362
3392;2361
3393;2360
3394;2587
3395;5028
3396;2585
3397;2584
3398;2583
3399;2582
3400;2581
3401;2580
3402;5020
3403;5023
3404;1612
3405;5025
3406;5024
3407;2589
3408;5026
3409;1861
3410;1860
3411;1863
3412;1862
3413;1865
3414;1864
3415;4446
3416;1866
3417;3724
3418;1868
3419;3726
3420;3727
3421;3720
3422;4490
3423;3722
3424;3723
3425;4686
3426;4687
3427;966
3428;967
3429;4682
3430;4935
3431;4680
3432;4681
3433;4938
3434;4939
3435;401
3436;968
3437;969
3438;4688
3439;4689
3440;5577
3441;2109
3442;2108
3443;6059
3444;6058
3445;5576
3446;2103
3447;2102
3448;2101
3449;6056
3450;2107
3451;2106
3452;2105
3453;2104
3454;5116
3455;2639
3456;2638
3457;5193
3458;2635
3459;2634
3460;2637
3461;2636
3462;5119
3463;5118
3464;2633
3465;2632
3466;1717
3467;5403
3468;5570
3469;3765
3470;3438
3471;3439
3472;636
3473;4936
3474;878
3475;879
3476;876
3477;3431
3478;874
3479;3433
3480;3434
3481;873
3482;870
3483;871
3484;4592
3485;4593
3486;4590
3487;4591
3488;2033
3489;2032
3490;4594
3491;4595
3492;9
3493;2748
3494;4846
3495;4599
3496;2039
3497;1532
3498;890
3499;891
3500;892
3501;893
3502;894
3503;895
3504;896
3505;897
3506;898
3507;899
3508;1530
3509;5201
3510;649
3511;5205
3512;5207
3513;5206
3514;5209
3515;5208
3516;3525
3517;1969
3518;3545
3519;3546
3520;3547
3521;3540
3522;1618
3523;3542
3524;262
3525;4369
3526;1619
3527;3548
3528;3549
3529;433
3530;3966
3531;4420
3532;422
3533;2614
3534;1299
3535;1617
3536;1538
3537;1966
3538;5182
3539;2965
3540;2964
3541;768
3542;769
3543;2961
3544;2960
3545;2963
3546;2962
3547;762
3548;763
3549;1782
3550;1783
3551;1784
3552;1785
3553;1786
3554;5190
3555;3049
3556;3647
3557;1610
3558;3041
3559;3040
3560;3042
3561;3045
3562;3044
3563;3047
3564;3046
3565;268
3566;5379
3567;5378
3568;1078
3569;1079
3570;1076
3571;1077
3572;1074
3573;1075
3574;5371
3575;5370
3576;1070
3577;4499
3578;1678
3579;1679
3580;1674
3581;1675
3582;1676
3583;1677
3584;1670
3585;1671
3586;1672
3587;1673
3588;1094
3589;1095
3590;1096
3591;1097
3592;678
3593;679
3594;1092
3595;1093
3596;4336
3597;4337
3598;4334
3599;4335
3600;670
3601;4333
3602;672
3603;854
3604;3135
3605;1623
3606;3137
3607;3136
3608;3131
3609;3130
3610;3133
3611;3132
3612;3802
3613;3139
3614;3138
3615;645
3616;4443
3617;1622
3618;1418
3619;1419
3620;5192
3621;71
3622;4643
3623;1410
3624;1411
3625;1412
3626;1413
3627;1414
3628;1415
3629;1416
3630;1417
3631;1322
3632;1323
3633;1320
3634;795
3635;1326
3636;1327
3637;1324
3638;4646
3639;1328
3640;1329
3641;5180
3642;2494
3643;4208
3644;4209
3645;4202
3646;4203
3647;5764
3648;4201
3649;4206
3650;4207
3651;4204
3652;4205
3653;1531
3654;1917
3655;3960
3656;4445
3657;5565
3658;5566
3659;5181
3660;5561
3661;1524
3662;1257
3663;1254
3664;1527
3665;1520
3666;1521
3667;1522
3668;1523
3669;1528
3670;1529
3671;1258
3672;1259
3673;308
3674;309
3675;3959
3676;3958
3677;652
3678;3953
3679;3952
3680;3951
3681;3950
3682;304
3683;305
3684;306
3685;3954
3686;4116
3687;4117
3688;4114
3689;4115
3690;4112
3691;4113
3692;4110
3693;4111
3694;1491
3695;4118
3696;4119
3697;1546
3698;1626
3699;2575
3700;75
3701;5143
3702;74
3703;1468
3704;648
3705;3820
3706;1565
3707;2778
3708;1625
3709;5158
3710;70
3711;2475
3712;4835
3713;3815
3714;2972
3715;2474
3716;2973
3717;2970
3718;4062
3719;4063
3720;5944
3721;5945
3722;4066
3723;5943
3724;4064
3725;4065
3726;2149
3727;4261
3728;4068
3729;4069
3730;732
3731;1603
3732;5784
3733;5785
3734;5786
3735;5780
3736;5781
3737;5782
3738;5783
3739;2975
3740;5153
3741;3603
3742;3602
3743;3601
3744;4890
3745;3607
3746;3606
3747;3605
3748;3604
3749;5155
3750;3609
3751;3608
3752;5154
3753;2698
3754;5038
3755;5157
3756;1533
3757;985
3758;623
3759;4945
3760;470
3761;4865
3762;2990
3763;117
3764;5039
3765;2035
3766;2358
3767;2359
3768;2352
3769;2353
3770;2350
3771;2351
3772;2356
3773;2357
3774;2354
3775;2355
3776;5369
3777;4624
3778;2991
3779;5136
3780;4450
3781;4457
3782;4456
3783;3739
3784;3738
3785;1894
3786;1895
3787;1896
3788;1897
3789;1890
3790;1891
3791;1892
3792;3730
3793;4691
3794;4690
3795;4693
3796;4692
3797;4695
3798;4694
3799;4697
3800;4696
3801;4699
3802;4698
3803;953
3804;952
3805;955
3806;954
3807;2138
3808;2139
3809;6029
3810;3969
3811;4427
3812;1967
3813;2648
3814;2649
3815;5163
3816;5164
3817;5165
3818;5166
3819;5167
3820;2640
3821;2641
3822;2642
3823;2643
3824;2644
3825;2645
3826;2646
3827;2647
3828;474
3829;3900
3830;3850
3831;3429
3832;3428
3833;3421
3834;3420
3835;3427
3836;3426
3837;3424
3838;2002
3839;2003
3840;2000
3841;2001
3842;4589
3843;4940
3844;2004
3845;1564
3846;4585
3847;4856
3848;4587
3849;2009
3850;719
3851;4852
3852;4851
3853;1853
3854;1143
3855;4413
3856;1855
3857;1544
3858;1268
3859;4411
3860;2100
3861;1147
3862;3557
3863;3556
3864;3555
3865;3554
3866;3553
3867;3552
3868;3551
3869;3550
3870;6066
3871;3559
3872;3558
3873;624
3874;667
3875;6067
3876;1262
3877;717
3878;2176
3879;504
3880;665
3881;4944
3882;5412
3883;2910
3884;2911
3885;1799
3886;1798
3887;2914
3888;6062
3889;2916
3890;2917
3891;2918
3892;2919
3893;715
3894;6063
3895;1797
3896;1796
3897;1795
3898;1794
3899;915
3900;1265
3901;716
3902;4966
3903;5955
3904;660
3905;2178
3906;1069
3907;1068
3908;1606
3909;2179
3910;2493
3911;1061
3912;1060
3913;1063
3914;1062
3915;1065
3916;1064
3917;1067
3918;4962
3919;5959
3920;913
3921;1669
3922;1668
3923;1667
3924;1666
3925;1665
3926;1664
3927;1663
3928;1662
3929;1661
3930;1660
3931;591
3932;590
3933;593
3934;592
3935;595
3936;1082
3937;1081
3938;1080
3939;4321
3940;4320
3941;4323
3942;4322
3943;4325
3944;4324
3945;4327
3946;4326
3947;3140
3948;3141
3949;3142
3950;3143
3951;2828
3952;3145
3953;3146
3954;3147
3955;2824
3956;2825
3957;2826
3958;2827
3959;2820
3960;2821
3961;2822
3962;2823
3963;3386
3964;5415
3965;5416
3966;5417
3967;5410
3968;3383
3969;3380
3970;3381
3971;5199
3972;5418
3973;5419
3974;3388
3975;3389
3976;713
3977;1409
3978;1408
3979;1403
3980;1402
3981;1401
3982;1400
3983;1407
3984;1406
3985;1404
3986;4215
3987;4214
3988;4217
3989;4216
3990;4211
3991;4210
3992;4213
3993;4212
3994;443
3995;442
3996;441
3997;440
3998;4219
3999;4218
4000;712
4001;1332
4002;5779
4003;1545
4004;1399
4005;5770
4006;832
4007;1631
4008;5776
4009;4425
4010;3261
4011;39
4012;38
4013;1448
4014;5579
4015;1932
4016;33
4017;32
4018;31
4019;30
4020;37
4021;36
4022;35
4023;34
4024;3092
4025;3093
4026;3090
4027;3091
4028;3096
4029;3097
4030;3094
4031;3095
4032;1249
4033;3265
4034;3098
4035;3099
4036;1539
4037;1936
4038;339
4039;338
4040;335
4041;334
4042;337
4043;336
4044;331
4045;330
4046;333
4047;332
4048;4101
4049;4100
4050;4103
4051;4102
4052;4105
4053;4104
4054;4107
4055;4106
4056;4109
4057;4108
4058;1026
4059;5126
4060;3967
4061;543
4062;3639
4063;3694
4064;3898
4065;3899
4066;3637
4067;3892
4068;3893
4069;3890
4070;3891
4071;3896
4072;3897
4073;3894
4074;3895
4075;4925
4076;3467
4077;3466
4078;545
4079;845
4080;1464
4081;3464
4082;1635
4083;8
4084;843
4085;842
4086;5951
4087;5950
4088;2542
4089;1466
4090;4079
4091;4078
4092;5957
4093;5956
4094;4075
4095;5958
4096;4077
4097;4076
4098;4071
4099;4070
4100;4073
4101;4072
4102;5797
4103;5083
4104;5795
4105;5794
4106;3962
4107;3963
4108;5791
4109;5082
4110;4934
4111;1462
4112;5081
4113;3968
4114;5798
4115;275
4116;5184
4117;1101
4118;3638
4119;1607
4120;3636
4121;3504
4122;3634
4123;3635
4124;3632
4125;3633
4126;3630
4127;3631
4128;1637
4129;3506
4130;235
4131;3507
4132;1351
4133;2345
4134;2344
4135;2347
4136;2346
4137;2341
4138;2340
4139;2343
4140;2342
4141;2349
4142;2066
4143;231
4144;1649
4145;4617
4146;3964
4147;1350
4148;233
4149;912
4150;2067
4151;2272
4152;3708
4153;2148
4154;4898
4155;1889
4156;1888
4157;1887
4158;1886
4159;1885
4160;1884
4161;1883
4162;1882
4163;1881
4164;4461
4165;2121
4166;2123
4167;2122
4168;2125
4169;2124
4170;948
4171;2126
4172;2129
4173;2128
4174;944
4175;945
4176;942
4177;943
4178;940
4179;941
4180;4733
4181;1356
4182;6033
4183;6032
4184;6031
4185;1594
4186;5173
4187;5172
4188;5171
4189;5170
4190;5069
4191;642
4192;5174
4193;2653
4194;1450
4195;2651
4196;2650
4197;2657
4198;2656
4199;2655
4200;2348
4201;3416
4202;3417
4203;3414
4204;3415
4205;137
4206;3413
4207;3410
4208;3411
4209;5185
4210;139
4211;138
4212;1597
4213;5759
4214;3418
4215;3419
4216;5924
4217;5758
4218;1451
4219;3518
4220;410
4221;1354
4222;4393
4223;2019
4224;2018
4225;1930
4226;2015
4227;2014
4228;2017
4229;2016
4230;2011
4231;2010
4232;2013
4233;182
4234;402
4235;3965
4236;1776
4237;324
4238;3277
4239;1793
4240;3562
4241;3563
4242;3560
4243;3561
4244;3566
4245;3567
4246;3564
4247;3565
4248;3568
4249;5929
4250;4485
4251;4486
4252;4487
4253;1563
4254;1590
4255;5413
4256;2489
4257;180
4258;4488
4259;4489
4260;848
4261;2903
4262;2902
4263;2901
4264;2900
4265;2907
4266;2906
4267;2905
4268;2904
4269;4892
4270;705
4271;2909
4272;707
4273;700
4274;701
4275;702
4276;703
4277;1935
4278;609
4279;89
4280;1593
4281;2413
4282;82
4283;83
4284;5068
4285;81
4286;86
4287;87
4288;84
4289;85
4290;1256
4291;415
4292;5313
4293;1542
4294;1934
4295;738
4296;1658
4297;1659
4298;601
4299;1652
4300;1653
4301;1650
4302;1651
4303;1656
4304;1657
4305;1654
4306;1655
4307;586
4308;3214
4309;584
4310;585
4311;582
4312;411
4313;580
4314;1987
4315;1984
4316;588
4317;589
4318;3153
4319;3152
4320;3151
4321;3150
4322;3157
4323;3155
4324;3154
4325;2837
4326;2836
4327;2835
4328;3158
4329;2833
4330;2832
4331;2831
4332;2830
4333;3391
4334;3390
4335;3393
4336;1435
4337;3395
4338;3394
4339;3397
4340;3396
4341;3399
4342;3398
4343;1981
4344;5409
4345;1439
4346;1260
4347;5230
4348;3709
4349;5231
4350;1349
4351;5232
4352;458
4353;459
4354;4262
4355;4263
4356;4264
4357;4265
4358;4266
4359;4267
4360;4268
4361;5234
4362;452
4363;453
4364;454
4365;1345
4366;456
4367;457
4368;3702
4369;318
4370;3700
4371;4895
4372;517
4373;5548
4374;5549
4375;3368
4376;5542
4377;5543
4378;5540
4379;5541
4380;5547
4381;5544
4382;4463
4383;1502
4384;1503
4385;654
4386;655
4387;3089
4388;3088
4389;650
4390;3941
4391;3085
4392;3084
4393;3087
4394;1509
4395;4894
4396;3080
4397;3083
4398;3082
4399;310
4400;4893
4401;1599
4402;317
4403;2480
4404;316
4405;5894
4406;315
4407;5896
4408;5898
4409;4668
4410;3947
4411;4669
4412;3885
4413;3884
4414;3887
4415;3886
4416;3881
4417;2127
4418;3883
4419;3882
4420;1264
4421;2481
4422;1247
4423;949
4424;3889
4425;3888
4426;946
4427;947
4428;765
4429;631
4430;4666
4431;2815
4432;4667
4433;495
4434;831
4435;569
4436;4912
4437;4665
4438;4913
4439;5151
4440;4910
4441;4900
4442;389
4443;4911
4444;4008
4445;4009
4446;57
4447;1376
4448;4000
4449;4001
4450;4002
4451;4003
4452;4007
4453;322
4454;3970
4455;320
4456;321
4457;3975
4458;327
4459;3977
4460;3976
4461;3979
4462;3978
4463;328
4464;329
4465;3365
4466;1904
4467;3629
4468;3628
4469;758
4470;3621
4471;3620
4472;3623
4473;3622
4474;3625
4475;3624
4476;3627
4477;3626
4478;4406
4479;2533
4480;5188
4481;4866
4482;2330
4483;4715
4484;3826
4485;4717
4486;2334
4487;2335
4488;2336
4489;4713
4490;2338
4491;2339
4492;4718
4493;4719
4494;1596
4495;4927
4496;6035
4497;2958
4498;835
4499;3075
4500;3715
4501;3714
4502;3717
4503;3716
4504;3711
4505;3710
4506;3713
4507;1342
4508;3077
4509;3719
4510;3718
4511;2658
4512;3079
4513;4611
4514;4864
4515;4475
4516;53
4517;4909
4518;4908
4519;6004
4520;6005
4521;6002
4522;6003
4523;4679
4524;4678
4525;4677
4526;2487
4527;4675
4528;2485
4529;4673
4530;4672
4531;4671
4532;4670
4533;3252
4534;2248
4535;2249
4536;2652
4537;2244
4538;2245
4539;2246
4540;2247
4541;2240
4542;2241
4543;2242
4544;2243
4545;995
4546;994
4547;997
4548;996
4549;991
4550;990
4551;2462
4552;2463
4553;5146
4554;5147
4555;5144
4556;5145
4557;999
4558;998
4559;5140
4560;5141
4561;3401
4562;3400
4563;3403
4564;123
4565;3405
4566;3404
4567;3407
4568;3406
4569;3409
4570;3408
4571;2654
4572;5761
4573;3385
4574;133
4575;4871
4576;3379
4577;4872
4578;5018
4579;3378
4580;4879
4581;4878
4582;2068
4583;1186
4584;130
4585;2431
4586;4831
4587;5424
4588;2060
4589;3412
4590;2790
4591;2063
4592;2796
4593;2065
4594;2794
4595;2795
4596;1346
4597;135
4598;5019
4599;1182
4600;5655
4601;134
4602;3255
4603;1183
4604;3371
4605;3370
4606;5099
4607;5071
4608;3579
4609;3578
4610;3961
4611;727
4612;3575
4613;3574
4614;3577
4615;3576
4616;3571
4617;3573
4618;3572
4619;4497
4620;2667
4621;4495
4622;4494
4623;4493
4624;4492
4625;2660
4626;2661
4627;722
4628;2482
4629;2668
4630;2669
4631;5656
4632;3668
4633;4902
4634;2938
4635;2939
4636;2936
4637;2937
4638;2934
4639;2935
4640;2932
4641;2930
4642;2931
4643;1744
4644;1559
4645;1836
4646;5657
4647;1837
4648;1645
4649;1644
4650;1647
4651;1646
4652;612
4653;1640
4654;1643
4655;1642
4656;3387
4657;1648
4658;4228
4659;3690
4660;4926
4661;1742
4662;1526
4663;729
4664;5251
4665;3797
4666;1535
4667;2012
4668;605
4669;579
4670;1839
4671;604
4672;573
4673;4428
4674;570
4675;4229
4676;576
4677;575
4678;574
4679;2808
4680;606
4681;3168
4682;3169
4683;3166
4684;2803
4685;3164
4686;3165
4687;2806
4688;2807
4689;3160
4690;3161
4691;5432
4692;2154
4693;1423
4694;1422
4695;1425
4696;1424
4697;1427
4698;4980
4699;1429
4700;1428
4701;3366
4702;3367
4703;3360
4704;4983
4705;3362
4706;3363
4707;731
4708;730
4709;733
4710;4982
4711;735
4712;734
4713;737
4714;736
4715;739
4716;2402
4717;1253
4718;2055
4719;2403
4720;4273
4721;1359
4722;1358
4723;4277
4724;4276
4725;4275
4726;4274
4727;1353
4728;4242
4729;4279
4730;2401
4731;461
4732;460
4733;1355
4734;4243
4735;4660
4736;4989
4737;5557
4738;5551
4739;5550
4740;5553
4741;5552
4742;4905
4743;5558
4744;6064
4745;2158
4746;3129
4747;2159
4748;1519
4749;2408
4750;3392
4751;1515
4752;1514
4753;1517
4754;2409
4755;1511
4756;1510
4757;1513
4758;1512
4759;1903
4760;959
4761;4225
4762;3503
4763;5383
4764;1307
4765;5640
4766;958
4767;4373
4768;348
4769;3184
4770;3185
4771;3186
4772;3187
4773;3180
4774;3182
4775;3183
4776;3188
4777;3189
4778;3505
4779;1339
4780;1138
4781;5754
4782;2069
4783;617
4784;4019
4785;4018
4786;4661
4787;4013
4788;4012
4789;4011
4790;723
4791;4017
4792;4016
4793;4015
4794;4014
4795;357
4796;356
4797;355
4798;1105
4799;3988
4800;352
4801;351
4802;350
4803;3985
4804;3986
4805;3987
4806;3980
4807;3981
4808;3982
4809;1032
4810;4833
4811;5796
4812;2008
4813;3613
4814;3469
4815;3614
4816;1033
4817;4707
4818;4706
4819;2321
4820;2320
4821;2327
4822;2326
4823;2325
4824;4700
4825;2329
4826;2328
4827;1113
4828;4709
4829;4708
4830;289
4831;288
4832;5932
4833;1112
4834;4896
4835;2292
4836;281
4837;280
4838;283
4839;282
4840;285
4841;284
4842;287
4843;286
4844;3760
4845;3761
4846;3762
4847;3763
4848;3764
4849;1441
4850;3766
4851;3767
4852;3768
4853;3769
4854;1116
4855;263
4856;1560
4857;261
4858;260
4859;267
4860;266
4861;265
4862;1118
4863;1616
4864;269
4865;4435
4866;1562
4867;2499
4868;2498
4869;5578
4870;4649
4871;3225
4872;4608
4873;2491
4874;2490
4875;4640
4876;2492
4877;2495
4878;258
4879;4644
4880;2496
4881;259
4882;1294
4883;2259
4884;2258
4885;2257
4886;2256
4887;2255
4888;2254
4889;2253
4890;2252
4891;2251
4892;2250
4893;2477
4894;2476
4895;988
4896;989
4897;2473
4898;2472
4899;2471
4900;2470
4901;982
4902;983
4903;980
4904;981
4905;986
4906;987
4907;984
4908;2478
4909;115
4910;114
4911;1790
4912;116
4913;111
4914;110
4915;113
4916;112
4917;119
4918;118
4919;243
4920;4801
4921;4802
4922;4803
4923;4804
4924;2780
4925;2783
4926;2782
4927;4921
4928;4809
4929;3462
4930;2789
4931;2788
4932;2177
4933;2079
4934;2078
4935;1331
4936;1716
4937;2073
4938;2072
4939;2071
4940;2070
4941;2077
4942;2076
4943;2075
4944;2074
4945;274
4946;4371
4947;2174
4948;3687
4949;3508
4950;3509
4951;5089
4952;5088
4953;3500
4954;3501
4955;3502
4956;5080
4957;5087
4958;5086
4959;5085
4960;5084
4961;641
4962;2208
4963;2673
4964;2672
4965;2675
4966;2674
4967;2677
4968;2560
4969;2679
4970;2678
4971;1209
4972;52
4973;2929
4974;2928
4975;88
4976;2921
4977;2920
4978;2923
4979;2922
4980;2925
4981;2924
4982;2927
4983;2926
4984;4513
4985;4663
4986;3685
4987;1208
4988;708
4989;709
4990;1986
4991;3215
4992;3216
4993;1985
4994;1982
4995;1983
4996;3212
4997;3213
4998;1638
4999;1639
5000;530
5001;3218
5002;1988
5003;1989
5004;704
5005;3684
5006;587
5007;706
5008;568
5009;2814
5010;2817
5011;2816
5012;2811
5013;2810
5014;2813
5015;4399
5016;560
5017;561
5018;562
5019;563
5020;564
5021;565
5022;566
5023;567
5024;3179
5025;3178
5026;3171
5027;3170
5028;3173
5029;3172
5030;3175
5031;3174
5032;3177
5033;3176
5034;659
5035;1188
5036;1189
5037;5425
5038;1187
5039;1184
5040;1185
5041;5421
5042;3372
5043;5423
5044;5422
5045;726
5046;4390
5047;724
5048;725
5049;1748
5050;3217
5051;720
5052;4391
5053;372
5054;1745
5055;1746
5056;1747
5057;1740
5058;1741
5059;728
5060;1486
5061;1164
5062;1165
5063;1166
5064;1167
5065;1160
5066;1161
5067;4248
5068;1163
5069;4246
5070;4247
5071;4244
5072;4245
5073;1168
5074;1169
5075;4240
5076;4241
5077;6069
5078;4396
5079;5994
5080;3304
5081;5430
5082;1366
5083;1488
5084;48
5085;1367
5086;46
5087;47
5088;44
5089;45
5090;42
5091;2034
5092;40
5093;41
5094;1568
5095;1569
5096;1298
5097;1365
5098;3300
5099;1292
5100;476
5101;1290
5102;1291
5103;1296
5104;1297
5105;1566
5106;1295
5107;1713
5108;607
5109;1360
5110;2026
5111;1712
5112;3190
5113;4931
5114;5250
5115;2461
5116;613
5117;794
5118;1789
5119;5027
5120;2784
5121;2588
5122;2915
5123;3698
5124;4398
5125;4440
5126;479
5127;5638
5128;5639
5129;4441
5130;5634
5131;5635
5132;4392
5133;790
5134;5630
5135;5631
5136;5632
5137;4397
5138;3197
5139;3196
5140;3195
5141;3194
5142;3193
5143;477
5144;3191
5145;475
5146;4444
5147;478
5148;1369
5149;3699
5150;3199
5151;3198
