0;1718
1;4446
2;2031
3;4468
4;4447
5;1020
6;4026
7;1869
8;4024
9;3921
10;4022
11;4023
12;4020
13;3725
14;4436
15;1735
16;4029
17;592
18;2030
19;5982
20;4642
21;5980
22;5981
23;407
24;5985
25;344
26;345
27;346
28;347
29;340
30;341
31;342
32;343
33;3997
34;3996
35;3995
36;3994
37;348
38;3992
39;3991
40;3990
41;4686
42;4844
43;4687
44;4416
45;967
46;966
47;4685
48;960
49;512
50;961
51;594
52;4733
53;4730
54;4731
55;4736
56;962
57;2318
58;4735
59;2314
60;2315
61;2312
62;2313
63;2310
64;2311
65;5855
66;5856
67;5857
68;5852
69;5853
70;296
71;297
72;294
73;295
74;5858
75;4525
76;290
77;4846
78;3773
79;3772
80;3771
81;3680
82;3777
83;3776
84;3775
85;3774
86;4523
87;3779
88;4021
89;4834
90;4655
91;271
92;272
93;273
94;274
95;4650
96;4653
97;277
98;278
99;279
100;4836
101;4659
102;4658
103;4411
104;3163
105;1780
106;2146
107;1005
108;3953
109;4782
110;2268
111;2269
112;4028
113;2262
114;2263
115;2260
116;2261
117;2266
118;2267
119;2264
120;2265
121;2442
122;2443
123;2440
124;963
125;2446
126;2447
127;2444
128;1004
129;2448
130;2449
131;2103
132;108
133;109
134;4830
135;2102
136;102
137;103
138;100
139;1134
140;106
141;107
142;104
143;105
144;2046
145;2047
146;2044
147;2045
148;2042
149;2043
150;4815
151;4814
152;2107
153;4819
154;3198
155;2048
156;2106
157;4832
158;1373
159;2105
160;4144
161;2104
162;4978
163;3155
164;1199
165;2838
166;1364
167;3238
168;1372
169;1060
170;5116
171;4843
172;2836
173;4456
174;4142
175;2835
176;1784
177;4979
178;2360
179;3519
180;2834
181;3512
182;3511
183;3510
184;133
185;5297
186;2684
187;2685
188;2686
189;2687
190;2680
191;2681
192;2682
193;2683
194;1436
195;3999
196;5406
197;2738
198;1211
199;3998
200;1434
201;2739
202;99
203;98
204;3392
205;91
206;90
207;93
208;92
209;95
210;94
211;97
212;96
213;5182
214;5183
215;1621
216;5181
217;5186
218;1994
219;5184
220;5185
221;1999
222;1998
223;5188
224;1628
225;3209
226;3208
227;2869
228;3013
229;4526
230;188
231;2861
232;3696
233;559
234;558
235;1217
236;2867
237;555
238;1376
239;557
240;556
241;551
242;550
243;553
244;552
245;1438
246;4975
247;4848
248;5458
249;1198
250;3348
251;3349
252;1214
253;1191
254;3343
255;1193
256;1192
257;1195
258;5455
259;5456
260;5457
261;873
262;4976
263;1759
264;1758
265;1757
266;1756
267;1754
268;1753
269;1752
270;1751
271;1750
272;1177
273;1176
274;1175
275;1174
276;1173
277;1172
278;1171
279;1170
280;4251
281;4250
282;4253
283;4252
284;4255
285;4254
286;1179
287;1178
288;5533
289;5532
290;5531
291;5530
292;5537
293;5536
294;5535
295;5534
296;5539
297;5538
298;5636
299;1821
300;1285
301;1284
302;1287
303;1286
304;1281
305;1280
306;1283
307;1282
308;1003
309;879
310;1289
311;1241
312;5102
313;4970
314;1579
315;1578
316;689
317;1001
318;3431
319;1573
320;1572
321;1571
322;1000
323;681
324;1576
325;683
326;682
327;1227
328;875
329;1226
330;3434
331;621
332;4971
333;3345
334;620
335;4521
336;627
337;871
338;626
339;4592
340;4977
341;4388
342;625
343;5629
344;5628
345;5627
346;5626
347;4381
348;4380
349;5623
350;2743
351;5621
352;5620
353;1371
354;1340
355;405
356;404
357;403
358;402
359;401
360;400
361;1379
362;2033
363;4972
364;409
365;2744
366;3834
367;3835
368;3836
369;1343
370;3830
371;3831
372;3832
373;3833
374;1344
375;2746
376;3838
377;3839
378;4184
379;5995
380;5994
381;5997
382;628
383;4035
384;4187
385;5993
386;5992
387;4039
388;4038
389;4186
390;5999
391;5998
392;4737
393;3796
394;4847
395;4734
396;265
397;3453
398;379
399;378
400;4842
401;4824
402;371
403;370
404;373
405;2038
406;375
407;374
408;377
409;376
410;2526
411;4349
412;5107
413;4348
414;393
415;392
416;391
417;390
418;397
419;396
420;395
421;4835
422;399
423;975
424;4345
425;2309
426;1247
427;4344
428;4729
429;4728
430;2301
431;4724
432;4727
433;4726
434;4721
435;4720
436;4723
437;4722
438;5847
439;5846
440;5845
441;5844
442;5843
443;5842
444;5841
445;5840
446;5148
447;581
448;4919
449;298
450;3748
451;3749
452;299
453;3742
454;3743
455;3740
456;3741
457;4620
458;244
459;247
460;4623
461;241
462;240
463;243
464;4627
465;4628
466;4629
467;249
468;248
469;4203
470;2197
471;2274
472;2277
473;2276
474;2271
475;2270
476;2273
477;2272
478;2279
479;2278
480;293
481;4407
482;4981
483;1145
484;1015
485;1248
486;2705
487;2198
488;2599
489;200
490;2459
491;2458
492;2455
493;2454
494;2457
495;2456
496;2451
497;2450
498;2453
499;4673
500;3770
501;4980
502;179
503;178
504;177
505;176
506;175
507;174
508;173
509;172
510;171
511;170
512;2051
513;2050
514;2053
515;1111
516;4538
517;2054
518;2057
519;4829
520;3690
521;3691
522;3692
523;4537
524;4530
525;4531
526;4532
527;4533
528;4983
529;652
530;5692
531;4856
532;4795
533;653
534;1110
535;3778
536;3226
537;4671
538;5739
539;3526
540;3527
541;3524
542;3525
543;3522
544;3520
545;3521
546;1508
547;3528
548;3529
549;270
550;3086
551;2094
552;4654
553;4670
554;5738
555;1978
556;4657
557;4985
558;3225
559;4656
560;658
561;2699
562;3224
563;2697
564;4651
565;2695
566;659
567;2693
568;2692
569;2691
570;2690
571;2405
572;1974
573;2303
574;3782
575;4229
576;1973
577;4652
578;1972
579;3223
580;4319
581;1970
582;4554
583;3232
584;3233
585;3230
586;3231
587;5199
588;5198
589;3234
590;3235
591;5195
592;5194
593;1614
594;3239
595;1960
596;1613
597;1962
598;1963
599;4310
600;101
601;1114
602;1363
603;2091
604;2873
605;2872
606;2871
607;2870
608;2876
609;2875
610;2874
611;4986
612;4632
613;4534
614;803
615;3357
616;3351
617;3350
618;3353
619;802
620;1360
621;2090
622;3358
623;3781
624;5449
625;5448
626;4989
627;5443
628;5442
629;5441
630;5440
631;5447
632;5446
633;5445
634;5444
635;1768
636;1769
637;1361
638;1762
639;1763
640;1760
641;1761
642;1766
643;3786
644;1764
645;1765
646;2965
647;1140
648;1141
649;1146
650;1147
651;1144
652;1789
653;1148
654;1149
655;686
656;768
657;769
658;5508
659;5509
660;5506
661;5507
662;5504
663;5505
664;5502
665;5503
666;5500
667;5501
668;692
669;693
670;690
671;691
672;696
673;697
674;694
675;695
676;698
677;699
678;1548
679;1549
680;542
681;543
682;540
683;541
684;546
685;547
686;544
687;545
688;548
689;549
690;760
691;1783
692;2969
693;1785
694;5287
695;1786
696;3785
697;1787
698;5137
699;3880
700;5618
701;5619
702;5719
703;5690
704;5612
705;5610
706;5718
707;5616
708;5617
709;5615
710;414
711;415
712;416
713;417
714;3070
715;411
716;412
717;413
718;1384
719;1385
720;1386
721;1387
722;1380
723;1381
724;1382
725;1383
726;3827
727;3826
728;3825
729;3824
730;3823
731;3822
732;3821
733;3820
734;4845
735;5001
736;3829
737;3828
738;3256
739;2441
740;4037
741;2438
742;5608
743;4283
744;4280
745;4281
746;4286
747;4287
748;4284
749;4285
750;4288
751;4289
752;5190
753;368
754;369
755;366
756;367
757;364
758;365
759;362
760;363
761;360
762;361
763;5008
764;1368
765;1777
766;3789
767;380
768;381
769;1776
770;384
771;385
772;386
773;387
774;388
775;389
776;5977
777;3215
778;1773
779;1369
780;5273
781;2346
782;5872
783;5375
784;5870
785;5871
786;5876
787;5877
788;5874
789;5374
790;5878
791;5420
792;5691
793;5377
794;3759
795;3758
796;5376
797;4664
798;3751
799;3750
800;3753
801;3752
802;3755
803;3754
804;3757
805;3756
806;4633
807;2191
808;2192
809;4630
810;4637
811;2195
812;2196
813;4634
814;252
815;253
816;4639
817;251
818;256
819;257
820;254
821;255
822;2200
823;2201
824;5552
825;2203
826;2204
827;2205
828;2206
829;2207
830;2208
831;2209
832;5130
833;5725
834;4701
835;2590
836;2428
837;4813
838;906
839;4812
840;2420
841;2421
842;2423
843;2424
844;2425
845;2426
846;2427
847;2641
848;901
849;168
850;169
851;164
852;165
853;166
854;167
855;160
856;161
857;162
858;163
859;4839
860;4838
861;3689
862;3688
863;2040
864;4529
865;4528
866;3683
867;3682
868;3681
869;2041
870;3687
871;3686
872;3685
873;3684
874;3257
875;2518
876;2519
877;1980
878;2514
879;2515
880;2516
881;2517
882;2510
883;4660
884;2512
885;2513
886;2734
887;2735
888;2736
889;4818
890;2730
891;5298
892;5299
893;5296
894;4426
895;5294
896;5295
897;5292
898;5293
899;5290
900;4427
901;3530
902;5696
903;4424
904;4661
905;5051
906;5052
907;800
908;1814
909;1815
910;1816
911;1817
912;1810
913;1811
914;1812
915;4339
916;1818
917;1819
918;1107
919;4336
920;4959
921;1505
922;1154
923;646
924;4167
925;5370
926;4332
927;2795
928;671
929;2165
930;672
931;4953
932;4135
933;4163
934;673
935;2307
936;4950
937;4162
938;1609
939;1608
940;2166
941;3229
942;3228
943;1979
944;3134
945;1601
946;1600
947;3227
948;1602
949;3221
950;3220
951;1607
952;1606
953;809
954;808
955;4884
956;4954
957;3201
958;908
959;801
960;4955
961;807
962;806
963;805
964;804
965;2434
966;2848
967;2849
968;2846
969;2847
970;2844
971;2845
972;2842
973;2843
974;2840
975;2841
976;3320
977;3321
978;3322
979;3323
980;1375
981;3325
982;3326
983;3327
984;3328
985;3329
986;1259
987;5208
988;2612
989;1775
990;1774
991;5276
992;5277
993;5270
994;5272
995;323
996;5278
997;1778
998;321
999;608
1000;31
1001;3957
1002;327
1003;5142
1004;1551
1005;1159
1006;324
1007;1550
1008;1155
1009;5433
1010;1157
1011;1156
1012;1151
1013;1150
1014;1153
1015;5519
1016;5518
1017;1779
1018;2807
1019;5511
1020;5510
1021;5513
1022;5512
1023;5515
1024;5514
1025;5517
1026;58
1027;2998
1028;2999
1029;1553
1030;1552
1031;1555
1032;1554
1033;1557
1034;1556
1035;2990
1036;1559
1037;3036
1038;2993
1039;51
1040;50
1041;53
1042;52
1043;537
1044;536
1045;535
1046;534
1047;533
1048;532
1049;531
1050;530
1051;3735
1052;57
1053;539
1054;538
1055;5368
1056;4691
1057;5139
1058;1558
1059;5138
1060;2995
1061;5605
1062;5604
1063;5607
1064;5606
1065;5601
1066;5600
1067;5603
1068;5136
1069;5071
1070;2997
1071;5609
1072;1904
1073;3432
1074;4690
1075;1905
1076;3455
1077;5132
1078;429
1079;428
1080;1851
1081;1900
1082;1399
1083;3620
1084;421
1085;420
1086;423
1087;422
1088;425
1089;424
1090;427
1091;4693
1092;3812
1093;3813
1094;3810
1095;3811
1096;3816
1097;3817
1098;3814
1099;3815
1100;3818
1101;3819
1102;5124
1103;3450
1104;4493
1105;3451
1106;1367
1107;3456
1108;851
1109;1680
1110;3454
1111;4295
1112;4294
1113;5125
1114;853
1115;4291
1116;4290
1117;4293
1118;4292
1119;1503
1120;5341
1121;2588
1122;4004
1123;4389
1124;258
1125;1971
1126;3176
1127;1425
1128;4743
1129;4742
1130;4746
1131;4745
1132;4744
1133;5869
1134;5868
1135;5865
1136;5864
1137;5867
1138;5866
1139;5861
1140;5860
1141;5863
1142;5862
1143;790
1144;507
1145;1424
1146;2331
1147;5350
1148;1355
1149;2971
1150;2183
1151;2182
1152;4717
1153;2187
1154;4608
1155;228
1156;4606
1157;226
1158;225
1159;2188
1160;223
1161;4603
1162;4600
1163;220
1164;2213
1165;2212
1166;2211
1167;2210
1168;2217
1169;4712
1170;2215
1171;2214
1172;2219
1173;2218
1174;4159
1175;2230
1176;864
1177;1394
1178;916
1179;151
1180;150
1181;153
1182;152
1183;155
1184;154
1185;157
1186;156
1187;2433
1188;2432
1189;5602
1190;2437
1191;2436
1192;2435
1193;4719
1194;4202
1195;1686
1196;1977
1197;4518
1198;4201
1199;5131
1200;4512
1201;4206
1202;4510
1203;4511
1204;4516
1205;4517
1206;4514
1207;4515
1208;4204
1209;2509
1210;2508
1211;2507
1212;2506
1213;2505
1214;2504
1215;2503
1216;4553
1217;2501
1218;2500
1219;5289
1220;5288
1221;2725
1222;2724
1223;2723
1224;2722
1225;2721
1226;2720
1227;5281
1228;5280
1229;5283
1230;1358
1231;5285
1232;5284
1233;2729
1234;5286
1235;1163
1236;5049
1237;5048
1238;5047
1239;5046
1240;5045
1241;5044
1242;5043
1243;5042
1244;5041
1245;5040
1246;1807
1247;1806
1248;1805
1249;1804
1250;1803
1251;3787
1252;1801
1253;1800
1254;3788
1255;719
1256;1809
1257;1808
1258;4996
1259;4997
1260;4994
1261;4995
1262;4992
1263;4993
1264;4990
1265;4991
1266;4491
1267;3473
1268;4998
1269;4999
1270;5561
1271;911
1272;5265
1273;4546
1274;3710
1275;3258
1276;3259
1277;1948
1278;1949
1279;1257
1280;1942
1281;1943
1282;1940
1283;1941
1284;1946
1285;3255
1286;1944
1287;1945
1288;818
1289;0
1290;810
1291;811
1292;812
1293;813
1294;814
1295;815
1296;816
1297;1521
1298;3207
1299;1250
1300;1990
1301;2851
1302;2850
1303;2853
1304;2852
1305;2855
1306;1993
1307;2857
1308;2856
1309;3333
1310;1491
1311;3331
1312;1620
1313;3337
1314;1497
1315;1498
1316;1499
1317;3339
1318;1968
1319;4535
1320;1395
1321;4189
1322;3202
1323;5267
1324;5266
1325;1702
1326;1703
1327;1704
1328;1625
1329;1706
1330;5260
1331;1708
1332;1709
1333;1168
1334;1624
1335;4572
1336;5269
1337;5268
1338;1391
1339;3658
1340;2975
1341;4188
1342;4136
1343;3659
1344;1128
1345;1129
1346;5189
1347;1120
1348;1121
1349;1122
1350;1123
1351;1124
1352;1125
1353;1126
1354;1127
1355;2538
1356;4490
1357;262
1358;3958
1359;4826
1360;3961
1361;3955
1362;2989
1363;2988
1364;3029
1365;3028
1366;3027
1367;3026
1368;2981
1369;2980
1370;2987
1371;2986
1372;3021
1373;3020
1374;524
1375;525
1376;526
1377;527
1378;520
1379;521
1380;522
1381;523
1382;1014
1383;1541
1384;1016
1385;1017
1386;1010
1387;1011
1388;1012
1389;1013
1390;4909
1391;1236
1392;1237
1393;4198
1394;4908
1395;4196
1396;4197
1397;4194
1398;4195
1399;1238
1400;1239
1401;2130
1402;4191
1403;5670
1404;5671
1405;5672
1406;5673
1407;5674
1408;5675
1409;5676
1410;5677
1411;5678
1412;5679
1413;3310
1414;307
1415;4350
1416;4351
1417;4352
1418;4353
1419;5112
1420;4679
1421;6001
1422;2486
1423;554
1424;438
1425;2487
1426;436
1427;437
1428;434
1429;435
1430;1710
1431;4675
1432;2830
1433;431
1434;740
1435;2485
1436;3809
1437;3808
1438;3805
1439;3804
1440;3807
1441;3806
1442;3801
1443;3800
1444;3803
1445;4672
1446;2863
1447;2480
1448;2864
1449;2481
1450;2865
1451;2866
1452;5704
1453;5705
1454;5707
1455;5700
1456;4684
1457;5702
1458;5703
1459;2868
1460;5434
1461;1437
1462;1162
1463;4732
1464;4682
1465;315
1466;336
1467;3314
1468;4772
1469;4773
1470;4770
1471;4771
1472;4076
1473;4778
1474;4779
1475;4174
1476;4175
1477;4176
1478;4177
1479;4170
1480;4171
1481;4172
1482;4173
1483;1961
1484;4178
1485;4179
1486;2700
1487;5818
1488;5819
1489;3160
1490;3060
1491;4469
1492;5810
1493;5811
1494;5812
1495;5815
1496;4148
1497;995
1498;2949
1499;2465
1500;4918
1501;2948
1502;997
1503;3316
1504;1852
1505;4619
1506;4618
1507;996
1508;238
1509;239
1510;4611
1511;4610
1512;236
1513;237
1514;230
1515;231
1516;232
1517;4616
1518;1098
1519;909
1520;993
1521;2228
1522;2229
1523;2226
1524;2227
1525;2224
1526;2225
1527;2222
1528;2223
1529;2220
1530;5716
1531;1
1532;5925
1533;5926
1534;1433
1535;5921
1536;2627
1537;5923
1538;4837
1539;5928
1540;5929
1541;1099
1542;4149
1543;146
1544;147
1545;144
1546;145
1547;140
1548;141
1549;5069
1550;5355
1551;148
1552;149
1553;4505
1554;4504
1555;4507
1556;4506
1557;841
1558;4503
1559;5226
1560;2702
1561;4509
1562;4508
1563;1055
1564;4683
1565;2088
1566;2089
1567;5351
1568;3400
1569;2082
1570;2083
1571;2080
1572;2081
1573;2086
1574;2087
1575;2084
1576;2085
1577;5450
1578;131
1579;2539
1580;5451
1581;2532
1582;2533
1583;2530
1584;2531
1585;2536
1586;2537
1587;2534
1588;2535
1589;2712
1590;2713
1591;2710
1592;2711
1593;2716
1594;2717
1595;2714
1596;2715
1597;3346
1598;3093
1599;1194
1600;3409
1601;5078
1602;5079
1603;3344
1604;3408
1605;5072
1606;5073
1607;5070
1608;1196
1609;5077
1610;1833
1611;1836
1612;1837
1613;1835
1614;3795
1615;3794
1616;1838
1617;1839
1618;3791
1619;3790
1620;3793
1621;3792
1622;2154
1623;2155
1624;2156
1625;2157
1626;2150
1627;4984
1628;2400
1629;2401
1630;933
1631;932
1632;931
1633;930
1634;2158
1635;2159
1636;2408
1637;934
1638;5380
1639;5381
1640;5382
1641;5383
1642;5384
1643;5385
1644;5386
1645;5387
1646;5388
1647;5389
1648;1691
1649;5372
1650;1991
1651;1957
1652;1956
1653;1951
1654;1950
1655;4825
1656;1952
1657;1829
1658;1057
1659;1959
1660;1958
1661;4870
1662;3249
1663;3096
1664;3243
1665;3242
1666;2629
1667;3247
1668;3246
1669;3245
1670;1992
1671;4392
1672;828
1673;4680
1674;825
1675;824
1676;827
1677;826
1678;821
1679;820
1680;823
1681;822
1682;4259
1683;3097
1684;1536
1685;4258
1686;2409
1687;4522
1688;4312
1689;4393
1690;227
1691;4409
1692;1480
1693;1487
1694;5499
1695;1485
1696;1484
1697;3306
1698;3307
1699;3304
1700;1488
1701;3300
1702;4315
1703;1713
1704;5253
1705;5250
1706;5251
1707;1717
1708;792
1709;1715
1710;5255
1711;1927
1712;5258
1713;5259
1714;2145
1715;799
1716;798
1717;612
1718;2144
1719;1271
1720;2101
1721;2415
1722;610
1723;2414
1724;1139
1725;1138
1726;2417
1727;1133
1728;1132
1729;1131
1730;1130
1731;1137
1732;1136
1733;1135
1734;1275
1735;2792
1736;5945
1737;1276
1738;2793
1739;5942
1740;1277
1741;2790
1742;2452
1743;3018
1744;3019
1745;5940
1746;3012
1747;2796
1748;3010
1749;5941
1750;3016
1751;3014
1752;3015
1753;519
1754;518
1755;2794
1756;1009
1757;1008
1758;1007
1759;1006
1760;513
1761;2148
1762;515
1763;514
1764;517
1765;516
1766;623
1767;622
1768;1225
1769;1224
1770;1223
1771;1222
1772;1221
1773;1220
1774;4181
1775;4180
1776;4183
1777;4182
1778;4185
1779;4681
1780;1229
1781;1228
1782;5663
1783;5662
1784;5661
1785;5667
1786;5666
1787;5665
1788;5664
1789;4347
1790;4346
1791;5669
1792;5668
1793;1535
1794;4342
1795;4341
1796;4340
1797;2882
1798;2883
1799;2880
1800;2881
1801;2886
1802;2887
1803;2884
1804;2256
1805;23
1806;2888
1807;2889
1808;2
1809;4257
1810;3878
1811;3879
1812;510
1813;3196
1814;3870
1815;3871
1816;3872
1817;3873
1818;3874
1819;3875
1820;3876
1821;3877
1822;2741
1823;4256
1824;2958
1825;11
1826;10
1827;13
1828;12
1829;15
1830;14
1831;17
1832;16
1833;5717
1834;18
1835;5715
1836;5714
1837;5713
1838;1922
1839;477
1840;1923
1841;2959
1842;4640
1843;2199
1844;1291
1845;1925
1846;3905
1847;3906
1848;3907
1849;3900
1850;1926
1851;3903
1852;928
1853;3271
1854;3908
1855;3909
1856;1288
1857;4761
1858;1397
1859;4763
1860;4762
1861;4764
1862;609
1863;648
1864;3110
1865;4199
1866;2719
1867;4166
1868;4165
1869;4164
1870;1105
1871;5709
1872;4161
1873;929
1874;4268
1875;2742
1876;4169
1877;4168
1878;5809
1879;5808
1880;4152
1881;5803
1882;4321
1883;5807
1884;5806
1885;5805
1886;5804
1887;201
1888;3474
1889;203
1890;202
1891;205
1892;204
1893;207
1894;206
1895;209
1896;208
1897;2745
1898;1352
1899;685
1900;3477
1901;684
1902;4320
1903;3470
1904;687
1905;3471
1906;2239
1907;2238
1908;1570
1909;3472
1910;2231
1911;1577
1912;2233
1913;2232
1914;2235
1915;2234
1916;2237
1917;2236
1918;5937
1919;3575
1920;1575
1921;5931
1922;5930
1923;4565
1924;1574
1925;5939
1926;5938
1927;406
1928;2049
1929;229
1930;3499
1931;4609
1932;3490
1933;4641
1934;4570
1935;4571
1936;2097
1937;2096
1938;4574
1939;4575
1940;4576
1941;4577
1942;4578
1943;4579
1944;2099
1945;2098
1946;2525
1947;2524
1948;2527
1949;224
1950;2521
1951;2520
1952;2523
1953;2522
1954;4602
1955;5983
1956;2529
1957;2528
1958;222
1959;506
1960;4494
1961;221
1962;2791
1963;940
1964;4601
1965;5149
1966;4492
1967;5065
1968;5064
1969;5067
1970;2709
1971;2708
1972;5063
1973;5062
1974;4880
1975;2704
1976;2707
1977;2706
1978;2701
1979;4885
1980;2703
1981;1309
1982;4193
1983;5712
1984;2216
1985;2748
1986;4408
1987;1828
1988;2951
1989;4404
1990;4405
1991;1827
1992;1826
1993;4400
1994;4401
1995;4402
1996;3054
1997;2411
1998;2410
1999;2413
2000;2412
2001;2143
2002;2142
2003;2141
2004;2140
2005;4974
2006;498
2007;922
2008;923
2009;924
2010;925
2011;2149
2012;5745
2013;5393
2014;5392
2015;5391
2016;5390
2017;5397
2018;5396
2019;3950
2020;5394
2021;5399
2022;5398
2023;4326
2024;3276
2025;494
2026;3274
2027;3275
2028;3272
2029;3273
2030;3270
2031;495
2032;1928
2033;1929
2034;4519
2035;4226
2036;3278
2037;3279
2038;832
2039;3475
2040;3476
2041;831
2042;836
2043;837
2044;834
2045;835
2046;398
2047;490
2048;839
2049;3478
2050;3479
2051;4221
2052;4214
2053;1365
2054;3
2055;2359
2056;4222
2057;1947
2058;4622
2059;4223
2060;1986
2061;3956
2062;264
2063;688
2064;26
2065;3319
2066;3318
2067;27
2068;4249
2069;2511
2070;640
2071;5582
2072;3313
2073;3312
2074;3315
2075;1987
2076;1532
2077;5583
2078;784
2079;785
2080;787
2081;5249
2082;781
2083;782
2084;783
2085;5245
2086;5244
2087;1724
2088;5246
2089;1722
2090;5240
2091;5243
2092;1721
2093;4383
2094;4382
2095;4463
2096;3361
2097;5625
2098;3954
2099;2173
2100;5624
2101;4387
2102;5321
2103;2439
2104;4386
2105;3005
2106;61
2107;3007
2108;63
2109;64
2110;65
2111;66
2112;3002
2113;68
2114;69
2115;4384
2116;3009
2117;3008
2118;5635
2119;4394
2120;1588
2121;1589
2122;780
2123;1370
2124;1582
2125;1583
2126;1581
2127;1586
2128;1587
2129;1584
2130;1585
2131;159
2132;1038
2133;1039
2134;3317
2135;508
2136;1982
2137;1032
2138;1033
2139;250
2140;1031
2141;502
2142;503
2143;500
2144;1035
2145;630
2146;1213
2147;1210
2148;633
2149;634
2150;635
2151;636
2152;637
2153;638
2154;1218
2155;1219
2156;1647
2157;4378
2158;4379
2159;1983
2160;5658
2161;1378
2162;5656
2163;4373
2164;4370
2165;4371
2166;4376
2167;4377
2168;4374
2169;4375
2170;4831
2171;2899
2172;4811
2173;2895
2174;2897
2175;2896
2176;2891
2177;5395
2178;1454
2179;1726
2180;1456
2181;1457
2182;1102
2183;1103
2184;1100
2185;1727
2186;2419
2187;408
2188;1458
2189;5247
2190;1108
2191;1109
2192;4080
2193;4081
2194;3869
2195;1725
2196;4455
2197;4086
2198;4087
2199;4088
2200;4089
2201;3861
2202;3860
2203;919
2204;3866
2205;3865
2206;1723
2207;3737
2208;322
2209;1720
2210;3736
2211;5242
2212;4833
2213;1734
2214;5728
2215;5729
2216;5722
2217;5723
2218;5720
2219;5721
2220;5726
2221;5727
2222;5724
2223;3732
2224;1892
2225;466
2226;3730
2227;3849
2228;320
2229;3917
2230;3916
2231;3915
2232;3914
2233;3913
2234;3912
2235;3911
2236;3910
2237;1347
2238;2134
2239;3919
2240;3918
2241;2247
2242;4692
2243;4798
2244;4799
2245;2132
2246;4973
2247;4797
2248;4790
2249;4791
2250;4792
2251;4694
2252;5836
2253;5837
2254;4150
2255;4151
2256;4156
2257;4697
2258;4154
2259;4155
2260;1393
2261;4158
2262;4924
2263;4338
2264;5838
2265;5839
2266;4699
2267;3338
2268;950
2269;326
2270;1914
2271;3071
2272;5178
2273;216
2274;217
2275;214
2276;215
2277;212
2278;213
2279;210
2280;211
2281;4036
2282;1186
2283;218
2284;219
2285;920
2286;2138
2287;1021
2288;2605
2289;2139
2290;4881
2291;5902
2292;5903
2293;462
2294;5901
2295;5906
2296;5907
2297;5904
2298;5905
2299;2606
2300;1976
2301;5908
2302;5909
2303;439
2304;3489
2305;3488
2306;4337
2307;4139
2308;3481
2309;3480
2310;3483
2311;3482
2312;3485
2313;3484
2314;576
2315;4563
2316;4562
2317;4561
2318;4560
2319;4567
2320;4566
2321;3649
2322;4564
2323;4569
2324;4568
2325;3642
2326;2550
2327;2551
2328;2552
2329;2553
2330;2556
2331;2557
2332;2558
2333;2559
2334;62
2335;2396
2336;2394
2337;2395
2338;2392
2339;2393
2340;2390
2341;2391
2342;3001
2343;4625
2344;245
2345;2398
2346;2399
2347;2778
2348;2779
2349;5012
2350;4898
2351;3003
2352;5016
2353;2726
2354;4893
2355;2771
2356;2772
2357;2773
2358;2774
2359;2775
2360;2776
2361;2777
2362;3359
2363;789
2364;4269
2365;4710
2366;37
2367;1858
2368;1859
2369;3165
2370;4419
2371;921
2372;1850
2373;3162
2374;4415
2375;4414
2376;4413
2377;3843
2378;1856
2379;1857
2380;6064
2381;6065
2382;2170
2383;2171
2384;2176
2385;6061
2386;6062
2387;6063
2388;4967
2389;4966
2390;4965
2391;4711
2392;6068
2393;4962
2394;4961
2395;912
2396;2604
2397;1421
2398;3280
2399;2607
2400;2600
2401;2601
2402;2602
2403;1420
2404;5695
2405;2608
2406;5430
2407;1975
2408;1933
2409;1932
2410;1931
2411;1930
2412;5128
2413;1936
2414;1935
2415;1934
2416;3269
2417;5436
2418;1939
2419;5127
2420;5120
2421;1348
2422;5122
2423;5437
2424;847
2425;846
2426;845
2427;844
2428;843
2429;3462
2430;3461
2431;840
2432;4277
2433;5435
2434;849
2435;848
2436;664
2437;1429
2438;4160
2439;2727
2440;3365
2441;5452
2442;3367
2443;4276
2444;663
2445;4905
2446;2407
2447;797
2448;5453
2449;5238
2450;5239
2451;2179
2452;5230
2453;5231
2454;1733
2455;5233
2456;5234
2457;5235
2458;5236
2459;5237
2460;1739
2461;2404
2462;2052
2463;5454
2464;6042
2465;753
2466;752
2467;751
2468;9
2469;757
2470;756
2471;755
2472;754
2473;1036
2474;759
2475;758
2476;3780
2477;2586
2478;1595
2479;1594
2480;1597
2481;1596
2482;1591
2483;3075
2484;3076
2485;2055
2486;2954
2487;2955
2488;2956
2489;2957
2490;1599
2491;6043
2492;2952
2493;1802
2494;5344
2495;5345
2496;5346
2497;5347
2498;5340
2499;3784
2500;1023
2501;5343
2502;660
2503;4906
2504;1115
2505;5348
2506;1028
2507;2402
2508;1034
2509;1197
2510;4045
2511;4153
2512;3951
2513;4365
2514;4364
2515;4367
2516;4366
2517;601
2518;600
2519;603
2520;602
2521;1205
2522;1204
2523;1207
2524;1206
2525;4369
2526;4368
2527;1203
2528;4607
2529;5649
2530;5648
2531;1366
2532;4828
2533;5641
2534;6041
2535;5643
2536;5642
2537;5645
2538;2479
2539;5646
2540;5422
2541;3734
2542;3108
2543;3109
2544;2945
2545;3104
2546;3105
2547;3106
2548;3107
2549;3100
2550;3101
2551;3102
2552;3103
2553;1447
2554;1446
2555;1445
2556;1444
2557;1443
2558;1442
2559;1117
2560;1440
2561;1119
2562;1118
2563;4278
2564;1506
2565;2478
2566;1351
2567;1449
2568;1448
2569;4093
2570;4092
2571;4091
2572;4090
2573;4097
2574;4096
2575;4095
2576;4094
2577;5068
2578;1357
2579;4099
2580;4098
2581;791
2582;5735
2583;5734
2584;5737
2585;5736
2586;5731
2587;5730
2588;489
2589;5732
2590;487
2591;486
2592;484
2593;483
2594;482
2595;481
2596;480
2597;4586
2598;5554
2599;4853
2600;451
2601;4827
2602;4852
2603;4725
2604;4851
2605;2300
2606;4850
2607;1430
2608;990
2609;3922
2610;3923
2611;3920
2612;2302
2613;3926
2614;3927
2615;3924
2616;3925
2617;2305
2618;3928
2619;1564
2620;656
2621;3993
2622;4472
2623;4372
2624;2320
2625;4789
2626;5657
2627;4787
2628;4786
2629;4785
2630;4784
2631;4783
2632;5654
2633;4781
2634;4780
2635;5821
2636;5820
2637;5655
2638;5825
2639;5824
2640;4145
2641;1565
2642;4147
2643;4146
2644;4141
2645;4140
2646;4143
2647;5653
2648;3311
2649;2587
2650;3858
2651;3859
2652;4822
2653;6098
2654;1732
2655;4869
2656;3294
2657;4823
2658;5426
2659;619
2660;4883
2661;5919
2662;918
2663;5911
2664;5910
2665;5912
2666;3665
2667;199
2668;198
2669;2289
2670;195
2671;194
2672;197
2673;196
2674;191
2675;190
2676;193
2677;192
2678;3678
2679;3679
2680;4558
2681;4559
2682;4556
2683;4557
2684;3296
2685;4555
2686;4552
2687;3677
2688;4550
2689;4551
2690;2543
2691;1106
2692;2541
2693;2540
2694;2547
2695;2546
2696;2545
2697;2544
2698;3006
2699;2549
2700;2548
2701;1104
2702;2380
2703;2383
2704;2382
2705;2385
2706;2387
2707;2389
2708;2388
2709;1451
2710;5003
2711;5002
2712;2769
2713;2768
2714;5007
2715;5006
2716;5005
2717;5004
2718;2763
2719;2762
2720;2761
2721;2760
2722;2767
2723;2766
2724;2765
2725;2764
2726;870
2727;1486
2728;4260
2729;902
2730;903
2731;900
2732;1848
2733;3000
2734;907
2735;904
2736;4621
2737;1843
2738;1842
2739;1841
2740;1840
2741;1847
2742;1846
2743;1845
2744;1844
2745;4308
2746;3250
2747;4958
2748;246
2749;2169
2750;2168
2751;3251
2752;4952
2753;4624
2754;2167
2755;4951
2756;4261
2757;2160
2758;2163
2759;2162
2760;2617
2761;2616
2762;2615
2763;2614
2764;2613
2765;4626
2766;2611
2767;2610
2768;2147
2769;242
2770;2619
2771;2618
2772;3868
2773;3298
2774;3299
2775;1908
2776;4540
2777;1906
2778;1907
2779;5135
2780;5134
2781;5133
2782;1903
2783;3292
2784;1901
2785;854
2786;855
2787;856
2788;857
2789;850
2790;3457
2791;852
2792;819
2793;372
2794;5356
2795;858
2796;859
2797;1731
2798;3293
2799;3863
2800;471
2801;6
2802;1767
2803;2463
2804;641
2805;2275
2806;4428
2807;3867
2808;3309
2809;5424
2810;5155
2811;3864
2812;4589
2813;611
2814;5229
2815;5228
2816;5223
2817;5222
2818;5221
2819;5220
2820;5227
2821;1184
2822;5225
2823;5224
2824;2609
2825;4544
2826;817
2827;910
2828;741
2829;742
2830;743
2831;744
2832;745
2833;746
2834;2858
2835;748
2836;749
2837;5884
2838;5401
2839;3062
2840;3061
2841;2913
2842;3067
2843;3066
2844;3065
2845;3064
2846;2946
2847;3069
2848;3068
2849;2943
2850;426
2851;2941
2852;2940
2853;1050
2854;1051
2855;1052
2856;5354
2857;1054
2858;5352
2859;1056
2860;4810
2861;1058
2862;1059
2863;718
2864;5359
2865;5358
2866;1696
2867;1697
2868;1694
2869;1695
2870;1692
2871;1693
2872;1690
2873;716
2874;1350
2875;2595
2876;1791
2877;1698
2878;1278
2879;1279
2880;618
2881;714
2882;4314
2883;4817
2884;4316
2885;4317
2886;1270
2887;613
2888;1272
2889;1273
2890;616
2891;617
2892;614
2893;615
2894;2468
2895;4157
2896;1795
2897;4429
2898;5279
2899;4816
2900;359
2901;3119
2902;3332
2903;3117
2904;3116
2905;3114
2906;3113
2907;2469
2908;2371
2909;1472
2910;1473
2911;1470
2912;3330
2913;1476
2914;1477
2915;1474
2916;1475
2917;2597
2918;1478
2919;1479
2920;1304
2921;1305
2922;1306
2923;1307
2924;1300
2925;1301
2926;1302
2927;1303
2928;2005
2929;3733
2930;1308
2931;4678
2932;4587
2933;5743
2934;5744
2935;499
2936;5746
2937;5747
2938;5748
2939;5749
2940;496
2941;497
2942;4220
2943;491
2944;492
2945;493
2946;24
2947;25
2948;5584
2949;5585
2950;20
2951;21
2952;22
2953;5581
2954;927
2955;28
2956;29
2957;4311
2958;3187
2959;3262
2960;5037
2961;4527
2962;1069
2963;1167
2964;3939
2965;3938
2966;1068
2967;3935
2968;3934
2969;3937
2970;3936
2971;3931
2972;3930
2973;3933
2974;3932
2975;2592
2976;5264
2977;3265
2978;5263
2979;5031
2980;1705
2981;4138
2982;4435
2983;5261
2984;4434
2985;4130
2986;4131
2987;4132
2988;4133
2989;4134
2990;4437
2991;4313
2992;4137
2993;3841
2994;3840
2995;3264
2996;3842
2997;3845
2998;5697
2999;3847
3000;3846
3001;441
3002;3848
3003;5698
3004;5699
3005;1063
3006;4465
3007;4430
3008;2136
3009;597
3010;5421
3011;5304
3012;4432
3013;1064
3014;3267
3015;1067
3016;1066
3017;4462
3018;1471
3019;4044
3020;2137
3021;4046
3022;4047
3023;4040
3024;4041
3025;4042
3026;4043
3027;4048
3028;4438
3029;7
3030;5105
3031;5960
3032;5961
3033;5962
3034;5963
3035;5964
3036;5965
3037;2288
3038;4945
3039;1215
3040;5357
3041;976
3042;2280
3043;2281
3044;2282
3045;2283
3046;2284
3047;2285
3048;2286
3049;2287
3050;4549
3051;974
3052;4541
3053;973
3054;4543
3055;4542
3056;4545
3057;4920
3058;4547
3059;4539
3060;939
3061;971
3062;2578
3063;2579
3064;2576
3065;2577
3066;2574
3067;970
3068;2572
3069;2570
3070;2571
3071;2059
3072;2378
3073;2379
3074;4461
3075;2058
3076;2374
3077;2375
3078;2376
3079;2377
3080;2370
3081;4536
3082;2372
3083;2373
3084;2594
3085;4329
3086;2596
3087;3693
3088;4318
3089;2591
3090;5038
3091;1086
3092;5036
3093;5431
3094;5034
3095;5580
3096;5032
3097;593
3098;5282
3099;3695
3100;1876
3101;1877
3102;1874
3103;1875
3104;1872
3105;1873
3106;1870
3107;1871
3108;5158
3109;595
3110;5373
3111;4439
3112;4796
3113;1879
3114;977
3115;4944
3116;4947
3117;4946
3118;4941
3119;972
3120;4943
3121;4942
3122;5241
3123;1080
3124;4949
3125;6040
3126;979
3127;978
3128;182
3129;183
3130;180
3131;181
3132;6046
3133;6047
3134;6044
3135;185
3136;2110
3137;2111
3138;6048
3139;2113
3140;2114
3141;2115
3142;187
3143;2622
3144;2623
3145;2620
3146;2621
3147;2626
3148;184
3149;947
3150;2625
3151;2628
3152;6045
3153;60
3154;1919
3155;5108
3156;5835
3157;3288
3158;1911
3159;1910
3160;5100
3161;3284
3162;5106
3163;2112
3164;1917
3165;1916
3166;869
3167;868
3168;6049
3169;3449
3170;3448
3171;3141
3172;861
3173;860
3174;863
3175;862
3176;3441
3177;3440
3178;867
3179;3442
3180;2756
3181;2025
3182;2754
3183;2755
3184;2020
3185;2021
3186;2750
3187;2751
3188;938
3189;2828
3190;2028
3191;2029
3192;2758
3193;1729
3194;883
3195;882
3196;881
3197;880
3198;887
3199;886
3200;885
3201;884
3202;4217
3203;889
3204;888
3205;5216
3206;2824
3207;5214
3208;5215
3209;5212
3210;5213
3211;5210
3212;2825
3213;4014
3214;657
3215;5218
3216;5219
3217;4385
3218;3452
3219;2624
3220;1820
3221;2460
3222;418
3223;3988
3224;4800
3225;352
3226;775
3227;3386
3228;777
3229;776
3230;771
3231;770
3232;773
3233;3387
3234;665
3235;779
3236;3384
3237;419
3238;77
3239;76
3240;75
3241;74
3242;73
3243;72
3244;3058
3245;70
3246;3056
3247;3382
3248;2970
3249;3055
3250;3052
3251;2977
3252;3050
3253;3051
3254;1043
3255;1042
3256;5360
3257;5361
3258;1047
3259;5412
3260;1045
3261;1044
3262;1049
3263;5413
3264;1681
3265;2983
3266;1683
3267;1682
3268;1685
3269;1684
3270;1687
3271;2982
3272;1689
3273;1688
3274;358
3275;3025
3276;1432
3277;1269
3278;1268
3279;4307
3280;669
3281;4395
3282;667
3283;1262
3284;1261
3285;1260
3286;1267
3287;1266
3288;1265
3289;1264
3290;3287
3291;1242
3292;2985
3293;3286
3294;4457
3295;2984
3296;1913
3297;4212
3298;67
3299;3128
3300;1912
3301;5153
3302;3122
3303;3283
3304;3120
3305;3121
3306;3282
3307;5095
3308;1504
3309;1469
3310;3281
3311;1465
3312;1018
3313;1467
3314;1466
3315;1461
3316;4982
3317;1463
3318;1462
3319;1317
3320;1316
3321;1315
3322;1314
3323;1313
3324;1312
3325;1311
3326;1310
3327;3401
3328;3111
3329;1319
3330;1318
3331;5753
3332;5752
3333;5751
3334;5750
3335;4239
3336;5754
3337;4237
3338;4236
3339;5759
3340;4234
3341;4233
3342;4232
3343;4231
3344;4230
3345;5591
3346;5593
3347;1400
3348;5595
3349;5594
3350;5597
3351;5596
3352;5599
3353;528
3354;529
3355;3445
3356;4454
3357;3444
3358;5367
3359;3447
3360;3948
3361;3949
3362;319
3363;3446
3364;3403
3365;1235
3366;313
3367;312
3368;311
3369;310
3370;3944
3371;3945
3372;3946
3373;3947
3374;4216
3375;3443
3376;4211
3377;866
3378;5157
3379;4210
3380;3395
3381;2024
3382;3402
3383;4128
3384;905
3385;5342
3386;2757
3387;4123
3388;4122
3389;4121
3390;4120
3391;4127
3392;2026
3393;4125
3394;4124
3395;5191
3396;443
3397;2027
3398;4219
3399;5688
3400;442
3401;5685
3402;5684
3403;5687
3404;5686
3405;5681
3406;5680
3407;5683
3408;2753
3409;3405
3410;4707
3411;440
3412;2022
3413;4706
3414;4192
3415;2023
3416;4604
3417;2321
3418;4459
3419;446
3420;4218
3421;1616
3422;445
3423;2696
3424;4703
3425;1997
3426;3404
3427;4057
3428;4056
3429;4055
3430;4054
3431;4053
3432;4052
3433;4051
3434;4050
3435;4605
3436;4700
3437;4458
3438;4059
3439;4058
3440;4930
3441;5979
3442;5978
3443;5973
3444;5972
3445;5971
3446;5970
3447;3407
3448;5976
3449;5975
3450;5974
3451;2669
3452;2299
3453;2298
3454;2293
3455;2292
3456;2291
3457;2290
3458;2297
3459;2296
3460;2295
3461;2294
3462;4354
3463;2368
3464;3406
3465;629
3466;2568
3467;4801
3468;2561
3469;2560
3470;2563
3471;2562
3472;2565
3473;2564
3474;2567
3475;5369
3476;5949
3477;2369
3478;4969
3479;2367
3480;2366
3481;2365
3482;2364
3483;2363
3484;2362
3485;2361
3486;4
3487;5029
3488;5028
3489;2585
3490;2584
3491;2583
3492;2582
3493;2581
3494;2580
3495;5021
3496;865
3497;5023
3498;5022
3499;5025
3500;5024
3501;5027
3502;3844
3503;1861
3504;4441
3505;1863
3506;1862
3507;1865
3508;1864
3509;1867
3510;1866
3511;3724
3512;1868
3513;3726
3514;3727
3515;3720
3516;3721
3517;3722
3518;3723
3519;964
3520;965
3521;4932
3522;4933
3523;4934
3524;4935
3525;4936
3526;4937
3527;4938
3528;4939
3529;5578
3530;968
3531;969
3532;4688
3533;4689
3534;2109
3535;2108
3536;6059
3537;6058
3538;32
3539;6055
3540;6054
3541;6057
3542;6056
3543;6051
3544;6050
3545;6053
3546;6052
3547;5114
3548;5117
3549;30
3550;5111
3551;5110
3552;5113
3553;5193
3554;2634
3555;662
3556;2636
3557;5119
3558;2630
3559;2633
3560;36
3561;2497
3562;5109
3563;5571
3564;5570
3565;3765
3566;3438
3567;3439
3568;5192
3569;878
3570;774
3571;876
3572;877
3573;874
3574;3433
3575;872
3576;3435
3577;3436
3578;3437
3579;2037
3580;2740
3581;4590
3582;4591
3583;4596
3584;4597
3585;2747
3586;4595
3587;2749
3588;1245
3589;4598
3590;4599
3591;4840
3592;4841
3593;2039
3594;1244
3595;890
3596;891
3597;892
3598;893
3599;894
3600;1531
3601;897
3602;898
3603;899
3604;1246
3605;4968
3606;5201
3607;5200
3608;5203
3609;5202
3610;5205
3611;5204
3612;5207
3613;5206
3614;5209
3615;3236
3616;1969
3617;1618
3618;3011
3619;432
3620;1619
3621;1711
3622;1537
3623;433
3624;1964
3625;5291
3626;430
3627;1965
3628;1538
3629;5197
3630;1788
3631;2964
3632;2967
3633;2966
3634;2961
3635;2960
3636;2963
3637;2962
3638;762
3639;763
3640;1782
3641;761
3642;766
3643;2968
3644;764
3645;765
3646;3049
3647;3048
3648;1610
3649;3041
3650;3040
3651;3043
3652;3042
3653;3045
3654;3044
3655;3047
3656;3046
3657;325
3658;5379
3659;5378
3660;1078
3661;1079
3662;1076
3663;1077
3664;1074
3665;1075
3666;1072
3667;1073
3668;1070
3669;1071
3670;1678
3671;1679
3672;1674
3673;1675
3674;1676
3675;1677
3676;1670
3677;1671
3678;1672
3679;1673
3680;1208
3681;2499
3682;1096
3683;1097
3684;1090
3685;1091
3686;1092
3687;1093
3688;674
3689;675
3690;676
3691;4335
3692;670
3693;4648
3694;4330
3695;4331
3696;3135
3697;1623
3698;3137
3699;3136
3700;959
3701;3802
3702;3139
3703;3138
3704;1533
3705;1915
3706;4443
3707;1019
3708;1622
3709;1418
3710;1419
3711;1037
3712;4643
3713;1410
3714;1411
3715;1413
3716;1414
3717;1415
3718;1416
3719;1417
3720;1322
3721;1323
3722;1320
3723;1321
3724;1326
3725;1327
3726;1324
3727;1325
3728;4444
3729;2495
3730;1328
3731;1329
3732;5180
3733;4647
3734;4208
3735;4209
3736;5144
3737;3430
3738;5766
3739;5767
3740;4200
3741;5
3742;5762
3743;5763
3744;5760
3745;5761
3746;647
3747;5568
3748;5569
3749;4445
3750;3118
3751;5564
3752;5565
3753;5566
3754;5567
3755;5560
3756;1053
3757;5562
3758;5563
3759;1524
3760;1525
3761;1254
3762;1255
3763;1252
3764;1253
3765;1522
3766;1523
3767;1528
3768;1529
3769;1258
3770;1530
3771;308
3772;309
3773;3959
3774;3342
3775;300
3776;301
3777;302
3778;303
3779;304
3780;305
3781;306
3782;778
3783;4116
3784;4117
3785;4114
3786;4115
3787;4112
3788;4113
3789;4110
3790;4111
3791;4118
3792;4119
3793;5187
3794;2575
3795;3295
3796;5143
3797;2250
3798;3340
3799;1249
3800;2477
3801;1966
3802;71
3803;5011
3804;3059
3805;988
3806;5701
3807;2972
3808;5013
3809;5816
3810;2973
3811;3341
3812;4449
3813;5946
3814;5947
3815;4060
3816;4061
3817;4066
3818;4067
3819;4064
3820;4065
3821;2976
3822;4068
3823;5017
3824;3412
3825;3053
3826;2770
3827;4442
3828;2974
3829;5782
3830;4892
3831;4788
3832;78
3833;4891
3834;1362
3835;5362
3836;5152
3837;5363
3838;4897
3839;1041
3840;4896
3841;2698
3842;1040
3843;4895
3844;2498
3845;4638
3846;3347
3847;4894
3848;1101
3849;1046
3850;3891
3851;4865
3852;5364
3853;5365
3854;5039
3855;2358
3856;116
3857;2352
3858;2353
3859;2350
3860;2351
3861;2356
3862;2357
3863;2354
3864;2355
3865;1048
3866;4453
3867;4452
3868;4451
3869;4450
3870;1898
3871;1899
3872;3739
3873;3738
3874;1894
3875;1895
3876;1896
3877;1897
3878;1890
3879;476
3880;3731
3881;1893
3882;4923
3883;4922
3884;4921
3885;2135
3886;4927
3887;4926
3888;4925
3889;2131
3890;951
3891;4698
3892;4929
3893;4928
3894;955
3895;954
3896;957
3897;956
3898;6028
3899;6029
3900;3057
3901;6020
3902;6021
3903;6022
3904;6023
3905;6024
3906;6025
3907;6026
3908;6027
3909;5160
3910;5161
3911;5162
3912;5163
3913;5164
3914;5165
3915;5166
3916;5167
3917;2640
3918;5169
3919;2642
3920;2643
3921;2644
3922;2645
3923;2646
3924;2647
3925;4803
3926;4804
3927;4805
3928;509
3929;3429
3930;3428
3931;4806
3932;3423
3933;3422
3934;3421
3935;3420
3936;3427
3937;3426
3938;3425
3939;3424
3940;2002
3941;2003
3942;2000
3943;2001
3944;2006
3945;2007
3946;2004
3947;4858
3948;4585
3949;4584
3950;2008
3951;2009
3952;4581
3953;4580
3954;4583
3955;4582
3956;1853
3957;5211
3958;2034
3959;2118
3960;1854
3961;4412
3962;3297
3963;4410
3964;2996
3965;4520
3966;5262
3967;5417
3968;2172
3969;505
3970;5033
3971;2069
3972;1452
3973;624
3974;1263
3975;666
3976;717
3977;6060
3978;504
3979;4309
3980;2177
3981;1882
3982;1799
3983;1798
3984;2914
3985;2915
3986;2916
3987;2917
3988;2918
3989;2919
3990;715
3991;1790
3992;713
3993;712
3994;711
3995;710
3996;915
3997;661
3998;914
3999;5955
4000;1707
4001;655
4002;917
4003;5954
4004;5308
4005;5309
4006;4964
4007;5300
4008;5301
4009;5302
4010;5303
4011;1065
4012;5305
4013;5306
4014;5307
4015;3023
4016;913
4017;1669
4018;1668
4019;1667
4020;1666
4021;1665
4022;1664
4023;1663
4024;1662
4025;1661
4026;1660
4027;1087
4028;590
4029;1085
4030;1084
4031;1083
4032;1082
4033;1081
4034;596
4035;599
4036;598
4037;4323
4038;4322
4039;4325
4040;4324
4041;1089
4042;1088
4043;3140
4044;3022
4045;3142
4046;3143
4047;3144
4048;3145
4049;3146
4050;3147
4051;3148
4052;3149
4053;2826
4054;2827
4055;2822
4056;2823
4057;5414
4058;5415
4059;5416
4060;3385
4061;5410
4062;3383
4063;3380
4064;3381
4065;2032
4066;4807
4067;2603
4068;1359
4069;5419
4070;3388
4071;3389
4072;1409
4073;1408
4074;1403
4075;1402
4076;1401
4077;4963
4078;1407
4079;1406
4080;1405
4081;1404
4082;4215
4083;1546
4084;449
4085;448
4086;1339
4087;1338
4088;4213
4089;1547
4090;1335
4091;1334
4092;1337
4093;1336
4094;447
4095;1544
4096;1333
4097;444
4098;501
4099;1545
4100;5771
4101;1542
4102;5773
4103;5772
4104;5774
4105;5366
4106;1543
4107;4425
4108;3261
4109;39
4110;38
4111;1540
4112;5579
4113;3260
4114;5577
4115;5576
4116;5575
4117;5574
4118;5573
4119;5572
4120;35
4121;34
4122;3092
4123;1240
4124;1243
4125;1534
4126;645
4127;644
4128;3094
4129;3095
4130;649
4131;1937
4132;3098
4133;3099
4134;1027
4135;1539
4136;5129
4137;339
4138;338
4139;4391
4140;335
4141;334
4142;3266
4143;331
4144;330
4145;333
4146;332
4147;4101
4148;4100
4149;4103
4150;4102
4151;4105
4152;4104
4153;4107
4154;4106
4155;4109
4156;4108
4157;5126
4158;4207
4159;1938
4160;6070
4161;3694
4162;5121
4163;4433
4164;3899
4165;4907
4166;5423
4167;2488
4168;3892
4169;3893
4170;3890
4171;5123
4172;3897
4173;3894
4174;1468
4175;394
4176;5411
4177;3195
4178;5371
4179;8
4180;1464
4181;4205
4182;2119
4183;842
4184;1353
4185;5950
4186;5953
4187;4079
4188;4078
4189;4075
4190;4074
4191;4077
4192;3460
4193;4073
4194;4072
4195;3966
4196;3967
4197;3964
4198;3965
4199;3962
4200;3963
4201;3960
4202;3501
4203;3502
4204;3968
4205;3969
4206;275
4207;3503
4208;3504
4209;3634
4210;3635
4211;3633
4212;2065
4213;234
4214;3469
4215;235
4216;4613
4217;2345
4218;4524
4219;2347
4220;4612
4221;2341
4222;2340
4223;2343
4224;2342
4225;4615
4226;2349
4227;6101
4228;4614
4229;1822
4230;4617
4231;3253
4232;233
4233;2598
4234;3241
4235;2344
4236;2067
4237;1169
4238;3708
4239;3709
4240;1889
4241;1888
4242;1887
4243;1886
4244;1885
4245;1884
4246;3706
4247;3707
4248;1881
4249;1880
4250;2121
4251;2120
4252;2123
4253;2122
4254;2125
4255;2124
4256;2127
4257;2126
4258;2129
4259;2128
4260;4666
4261;4915
4262;942
4263;943
4264;4910
4265;4911
4266;5400
4267;3038
4268;1356
4269;6033
4270;6032
4271;6031
4272;6030
4273;6037
4274;6036
4275;6035
4276;6034
4277;5173
4278;5172
4279;5171
4280;2658
4281;5177
4282;5176
4283;5175
4284;5174
4285;2653
4286;1450
4287;5179
4288;4238
4289;2657
4290;2656
4291;2655
4292;2654
4293;3416
4294;132
4295;3414
4296;3415
4297;137
4298;3413
4299;135
4300;134
4301;139
4302;2221
4303;5156
4304;4235
4305;3418
4306;3419
4307;1985
4308;5924
4309;2133
4310;1029
4311;410
4312;2593
4313;4868
4314;5927
4315;2019
4316;2018
4317;2015
4318;2014
4319;4860
4320;2016
4321;2011
4322;4867
4323;2013
4324;2012
4325;5922
4326;5349
4327;276
4328;1212
4329;158
4330;5592
4331;654
4332;3277
4333;1453
4334;5330
4335;511
4336;1771
4337;4484
4338;4485
4339;4486
4340;4487
4341;4480
4342;4481
4343;4482
4344;4483
4345;1374
4346;4488
4347;4489
4348;2903
4349;2902
4350;2901
4351;2907
4352;709
4353;2905
4354;2904
4355;704
4356;705
4357;706
4358;707
4359;700
4360;701
4361;702
4362;703
4363;88
4364;89
4365;1593
4366;4793
4367;5338
4368;82
4369;83
4370;80
4371;81
4372;86
4373;87
4374;84
4375;85
4376;5319
4377;5318
4378;5313
4379;5312
4380;5311
4381;5310
4382;5317
4383;5316
4384;5315
4385;5314
4386;4190
4387;1658
4388;1659
4389;651
4390;4448
4391;186
4392;1652
4393;1653
4394;1656
4395;1657
4396;1654
4397;1655
4398;586
4399;587
4400;584
4401;585
4402;582
4403;583
4404;580
4405;1738
4406;1772
4407;1984
4408;588
4409;589
4410;3153
4411;3152
4412;3151
4413;3150
4414;3157
4415;3156
4416;2839
4417;3154
4418;2837
4419;1634
4420;3159
4421;3158
4422;2833
4423;2832
4424;2831
4425;1635
4426;5407
4427;3390
4428;5405
4429;5404
4430;5403
4431;1636
4432;3397
4433;1431
4434;3399
4435;3398
4436;1981
4437;5154
4438;5409
4439;5408
4440;59
4441;1730
4442;1349
4443;5232
4444;3031
4445;458
4446;459
4447;4262
4448;4263
4449;4264
4450;4265
4451;4266
4452;4267
4453;450
4454;1341
4455;452
4456;453
4457;454
4458;455
4459;456
4460;457
4461;1377
4462;4466
4463;318
4464;1737
4465;4467
4466;1736
4467;4464
4468;5548
4469;5549
4470;3263
4471;79
4472;5542
4473;5543
4474;5540
4475;5541
4476;5546
4477;5547
4478;5544
4479;5545
4480;1502
4481;3940
4482;1500
4483;1501
4484;5168
4485;4460
4486;650
4487;3941
4488;3084
4489;3087
4490;1509
4491;767
4492;3942
4493;3083
4494;3082
4495;3943
4496;317
4497;316
4498;5891
4499;5892
4500;5893
4501;5894
4502;5895
4503;5896
4504;4668
4505;314
4506;4669
4507;3885
4508;3884
4509;3887
4510;3886
4511;3881
4512;948
4513;3883
4514;3882
4515;55
4516;949
4517;3889
4518;3888
4519;4916
4520;4917
4521;5010
4522;631
4523;944
4524;3039
4525;1967
4526;4667
4527;2814
4528;2829
4529;4912
4530;4665
4531;4913
4532;5151
4533;750
4534;4662
4535;2942
4536;941
4537;1883
4538;4008
4539;4009
4540;2813
4541;4000
4542;4001
4543;4002
4544;4003
4545;4241
4546;4005
4547;4006
4548;4007
4549;3971
4550;3970
4551;3973
4552;3972
4553;3975
4554;3974
4555;3977
4556;3976
4557;3978
4558;328
4559;329
4560;4282
4561;56
4562;2474
4563;2819
4564;3625
4565;4129
4566;2818
4567;3952
4568;4406
4569;1629
4570;4866
4571;2330
4572;4715
4573;4716
4574;2333
4575;2334
4576;2335
4577;2336
4578;2337
4579;2338
4580;2339
4581;3072
4582;3073
4583;1995
4584;3074
4585;2010
4586;1590
4587;3715
4588;3714
4589;3717
4590;3716
4591;3711
4592;946
4593;3713
4594;3712
4595;1342
4596;1592
4597;3719
4598;3718
4599;4126
4600;4479
4601;4478
4602;5170
4603;4471
4604;4470
4605;4473
4606;4864
4607;4475
4608;4474
4609;4477
4610;4476
4611;6006
4612;6007
4613;6004
4614;6005
4615;6002
4616;6003
4617;6000
4618;2489
4619;4677
4620;4676
4621;2484
4622;4674
4623;2482
4624;2483
4625;6008
4626;6009
4627;3252
4628;2248
4629;2249
4630;2652
4631;2244
4632;2245
4633;2246
4634;2953
4635;2240
4636;2241
4637;2242
4638;2464
4639;994
4640;2466
4641;2467
4642;991
4643;2461
4644;2462
4645;992
4646;5146
4647;5147
4648;1920
4649;999
4650;998
4651;5140
4652;5141
4653;120
4654;121
4655;122
4656;123
4657;124
4658;125
4659;126
4660;127
4661;128
4662;129
4663;1603
4664;945
4665;4875
4666;4874
4667;4877
4668;4876
4669;1345
4670;1188
4671;4873
4672;4872
4673;1921
4674;1189
4675;4879
4676;4878
4677;3254
4678;2068
4679;5425
4680;2798
4681;130
4682;1187
4683;2060
4684;2061
4685;2062
4686;2063
4687;2064
4688;3375
4689;2066
4690;136
4691;1346
4692;3374
4693;3410
4694;5019
4695;1182
4696;1849
4697;3411
4698;1183
4699;1180
4700;4030
4701;1181
4702;2306
4703;5098
4704;5099
4705;138
4706;1216
4707;4343
4708;5090
4709;5091
4710;3576
4711;5094
4712;1398
4713;5096
4714;5097
4715;2666
4716;2667
4717;2664
4718;2665
4719;2662
4720;2663
4721;2660
4722;2661
4723;1748
4724;2164
4725;2668
4726;1749
4727;1924
4728;2938
4729;2939
4730;2936
4731;2937
4732;2934
4733;2935
4734;2932
4735;2933
4736;2930
4737;2931
4738;5326
4739;5327
4740;5324
4741;5325
4742;5322
4743;5323
4744;5320
4745;5693
4746;3799
4747;5328
4748;5329
4749;1645
4750;1644
4751;2152
4752;1646
4753;1643
4754;1396
4755;1649
4756;1648
4757;4228
4758;5150
4759;728
4760;772
4761;729
4762;3797
4763;605
4764;579
4765;578
4766;604
4767;573
4768;572
4769;571
4770;570
4771;577
4772;607
4773;575
4774;574
4775;2808
4776;606
4777;4882
4778;3168
4779;3169
4780;3166
4781;3167
4782;3164
4783;2801
4784;2806
4785;3391
4786;2804
4787;3161
4788;5432
4789;2406
4790;1423
4791;1422
4792;3368
4793;3369
4794;1427
4795;1426
4796;3364
4797;1428
4798;5438
4799;5439
4800;3360
4801;3500
4802;3362
4803;3363
4804;731
4805;730
4806;733
4807;732
4808;735
4809;734
4810;737
4811;736
4812;738
4813;2728
4814;5689
4815;2151
4816;4273
4817;4272
4818;4271
4819;4270
4820;469
4821;468
4822;4275
4823;4274
4824;465
4825;464
4826;4279
4827;2153
4828;461
4829;460
4830;463
4831;1200
4832;5555
4833;4862
4834;5557
4835;5556
4836;5551
4837;5550
4838;5553
4839;4863
4840;3393
4841;1202
4842;5559
4843;5558
4844;4854
4845;4861
4846;5418
4847;937
4848;5694
4849;936
4850;5523
4851;935
4852;4328
4853;1515
4854;1514
4855;1517
4856;1516
4857;1274
4858;1510
4859;1513
4860;2416
4861;4225
4862;5883
4863;5882
4864;5881
4865;5880
4866;5887
4867;5886
4868;5885
4869;5640
4870;4859
4871;1390
4872;958
4873;5873
4874;3186
4875;3394
4876;3180
4877;3181
4878;488
4879;1024
4880;1996
4881;3188
4882;3189
4883;4227
4884;3505
4885;5875
4886;5248
4887;4857
4888;4423
4889;4019
4890;4018
4891;1954
4892;4013
4893;3783
4894;4011
4895;4010
4896;4017
4897;4016
4898;4015
4899;3396
4900;357
4901;356
4902;355
4903;354
4904;353
4905;3989
4906;351
4907;350
4908;3984
4909;3985
4910;3987
4911;3981
4912;3982
4913;3983
4914;1953
4915;1354
4916;4012
4917;2323
4918;2322
4919;4705
4920;4704
4921;2327
4922;2326
4923;2325
4924;2324
4925;1891
4926;2329
4927;1113
4928;4709
4929;4708
4930;289
4931;288
4932;1112
4933;3619
4934;281
4935;280
4936;283
4937;282
4938;285
4939;284
4940;287
4941;286
4942;3760
4943;3761
4944;3762
4945;3763
4946;3764
4947;1441
4948;3766
4949;3767
4950;3768
4951;3769
4952;1116
4953;263
4954;1560
4955;261
4956;260
4957;267
4958;266
4959;1792
4960;1561
4961;269
4962;268
4963;1290
4964;6011
4965;6010
4966;6013
4967;6012
4968;6015
4969;6014
4970;6017
4971;6016
4972;6019
4973;2490
4974;2493
4975;2492
4976;4646
4977;4631
4978;4644
4979;4645
4980;259
4981;1566
4982;2259
4983;2258
4984;2257
4985;2194
4986;2255
4987;1567
4988;2253
4989;2252
4990;2251
4991;4636
4992;5159
4993;2476
4994;2475
4995;989
4996;2473
4997;4635
4998;2470
4999;982
5000;983
5001;980
5002;981
5003;986
5004;987
5005;984
5006;985
5007;115
5008;114
5009;117
5010;2175
5011;111
5012;110
5013;113
5014;112
5015;189
5016;3244
5017;119
5018;118
5019;4431
5020;2785
5021;2784
5022;4802
5023;2786
5024;2781
5025;2780
5026;2783
5027;2782
5028;4808
5029;4809
5030;2789
5031;2788
5032;2418
5033;1797
5034;2079
5035;2078
5036;1716
5037;2073
5038;2072
5039;2071
5040;2070
5041;2077
5042;2076
5043;2075
5044;2074
5045;1388
5046;952
5047;1796
5048;2174
5049;1330
5050;5196
5051;1389
5052;3508
5053;3509
5054;5089
5055;5088
5056;1823
5057;5083
5058;5082
5059;5081
5060;5080
5061;5087
5062;5086
5063;5085
5064;5084
5065;2671
5066;2670
5067;2673
5068;2672
5069;2675
5070;2674
5071;2676
5072;2679
5073;2678
5074;1209
5075;2056
5076;2929
5077;2928
5078;4027
5079;5733
5080;2921
5081;2920
5082;2923
5083;2922
5084;2925
5085;2924
5086;2927
5087;2926
5088;5331
5089;4513
5090;5333
5091;5332
5092;5335
5093;5334
5094;5337
5095;5339
5096;708
5097;2906
5098;1630
5099;1631
5100;1632
5101;1633
5102;3210
5103;3211
5104;3212
5105;1637
5106;1638
5107;1639
5108;3218
5109;3219
5110;1988
5111;1989
5112;1781
5113;3222
5114;4738
5115;3862
5116;4871
5117;3268
5118;568
5119;569
5120;2817
5121;2816
5122;4948
5123;4399
5124;560
5125;561
5126;562
5127;563
5128;564
5129;565
5130;566
5131;567
5132;3179
5133;3178
5134;3171
5135;3170
5136;3173
5137;3172
5138;3175
5139;3174
5140;3177
5141;5639
5142;1483
5143;5429
5144;5428
5145;3379
5146;3378
5147;3377
5148;3376
5149;5427
5150;1185
5151;3373
5152;3372
5153;3371
5154;3370
5155;726
5156;727
5157;724
5158;725
5159;722
5160;723
5161;720
5162;721
5163;1744
5164;1745
5165;1746
5166;1747
5167;1740
5168;1741
5169;1742
5170;1743
5171;1164
5172;1165
5173;1166
5174;5637
5175;3308
5176;4248
5177;2429
5178;4246
5179;4247
5180;4244
5181;4245
5182;4242
5183;4243
5184;4240
5185;2035
5186;5520
5187;5521
5188;5522
5189;4649
5190;5524
5191;5525
5192;5526
5193;5527
5194;5528
5195;5529
5196;1489
5197;3197
5198;3305
5199;48
5200;49
5201;46
5202;47
5203;44
5204;45
5205;42
5206;43
5207;41
5208;1568
5209;1569
5210;1298
5211;1299
5212;926
5213;1292
5214;1293
5215;1562
5216;1563
5217;1296
5218;1297
5219;1294
5220;1295
5221;5252
5222;3191
5223;1712
5224;3190
5225;4931
5226;795
5227;794
5228;2589
5229;5118
5230;793
5231;5026
5232;4960
5233;5257
5234;4398
5235;4440
5236;5638
5237;5254
5238;1860
5239;4390
5240;4849
5241;1201
5242;1714
5243;5630
5244;5631
5245;5632
5246;5633
5247;472
5248;473
5249;470
5250;3194
5251;3193
5252;3192
5253;474
5254;475
5255;3728
5256;478
5257;479
5258;1719
5259;3199
5260;3729
